Player_clean,Career_Arc,Perf_Tier,Seasons_Played,Avg_PPG,Injury_Count,Avg_Injury_Days,BODY FAT %,HAND LENGTH (inches),HAND WIDTH (inches),WEIGHT (LBS),Lane Agility Time,Shuttle Run,Three Quarter Sprint,Standing Vertical Leap,Max Vertical Leap,Max Bench Press
aaron brooks,Late (8+ yrs),25–50%,8,0.13406282861001206,2,50.0,0.027,,,161.0,10.57,,3.2,32.5,39.5,6.0
aaron gray,Mid (4–7 yrs),Bottom 25%,5,0.07472838162951403,4,237.5,0.108,,,271.0,12.07,,3.7,27.0,32.5,17.0
aaron holiday,Mid (4–7 yrs),Bottom 25%,7,0.10089430385282919,1,24.0,0.064,8.75,8.5,187.0,10.96,3.22,3.27,25.5,33.0,
acie law,Early (1–3 yrs),Bottom 25%,2,0.12386877828054299,2,30.0,0.056,,,186.0,11.0,,3.22,29.0,34.0,8.0
adam morrison,Early (1–3 yrs),Bottom 25%,1,0.07741935483870968,1,14.0,0.068,,,198.0,11.46,,3.37,25.5,30.5,11.0
adem bona,Early (1–3 yrs),Bottom 25%,1,0.09999999999999999,0,,,9.5,10.0,243.2,11.01,3.01,3.15,35.0,40.0,
admiral schofield,Mid (4–7 yrs),Bottom 25%,4,0.08806217284478154,1,334.0,0.068,8.75,9.0,240.6,10.77,2.87,3.37,30.0,34.0,15.0
aj griffin,Early (1–3 yrs),Bottom 25%,2,0.12180555555555556,0,,,,,,,,,,,
aj johnson,Early (1–3 yrs),50–75%,1,0.26206896551724135,0,,,8.5,8.5,167.0,10.76,2.87,3.15,29.0,38.0,
ajay mitchell,Early (1–3 yrs),25–50%,1,0.18055555555555555,0,,,8.5,8.5,197.0,11.12,2.95,3.11,28.0,33.5,
al farouq aminu,Late (8+ yrs),Bottom 25%,11,0.12452832940742166,1,8.0,0.082,9.5,9.5,216.0,11.29,,3.3,27.0,33.5,13.0
al horford,Late (8+ yrs),Top 25%,16,0.2886660074348007,11,109.45454545454545,0.091,,,246.0,12.15,,3.37,31.0,35.5,20.0
al jefferson,Late (8+ yrs),50–75%,9,0.23569934592636343,3,33.666666666666664,0.105,,,263.0,13.08,,3.29,28.5,30.0,3.0
al thornton,Early (1–3 yrs),Bottom 25%,2,0.12344600938967136,2,48.0,0.058,,,221.0,11.96,,3.16,35.0,41.0,9.0
alec burks,Late (8+ yrs),50–75%,14,0.21146543192509423,7,156.85714285714286,0.051,9.0,8.25,192.6,10.96,,3.17,29.0,36.0,5.0
alex len,Late (8+ yrs),Bottom 25%,12,0.0983520517827583,8,199.125,0.064,9.0,10.75,,,,,,,
alize johnson,Mid (4–7 yrs),50–75%,5,0.19981650631267,3,19.0,0.081,8.5,9.75,216.6,11.83,3.28,3.38,25.0,31.0,8.0
allen crabbe,Mid (4–7 yrs),25–50%,7,0.14250803129989492,4,104.25,0.0465,8.25,8.5,197.4,10.67,3.1,3.32,30.5,36.0,10.0
amare stoudemire,Mid (4–7 yrs),50–75%,7,0.2796560754615037,0,,,,,233.0,11.19,,3.25,32.0,35.5,12.0
amari bailey,Early (1–3 yrs),50–75%,1,0.22999999999999998,0,,,8.0,9.25,190.8,11.34,,3.19,28.5,35.0,
amen thompson,Early (1–3 yrs),25–50%,2,0.17878681626928472,0,,,8.5,8.5,214.2,,,,,,
andre drummond,Late (8+ yrs),50–75%,13,0.18206632115291194,3,614.0,0.075,9.5,9.5,278.6,10.83,,3.39,31.5,33.5,10.0
andre emmett,Early (1–3 yrs),Top 25%,1,0.3666666666666667,0,,0.067,,,216.0,,,,,,
andre iguodala,Late (8+ yrs),25–50%,14,0.14972064853822212,11,55.81818181818182,0.067,,,217.0,11.17,,3.18,30.5,34.5,4.0
andre jackson,Early (1–3 yrs),Bottom 25%,2,0.0446713799423933,0,,,8.25,9.5,198.4,10.83,,3.14,30.5,39.5,
andre roberson,Mid (4–7 yrs),25–50%,7,0.14755040621663656,5,28.4,0.0705,8.75,9.5,205.8,11.36,3.02,3.34,30.0,36.5,10.0
andrew bogut,Late (8+ yrs),50–75%,10,0.2318491683557388,9,18.88888888888889,,,,250.6,12.06,,3.51,27.5,33.5,13.0
andrew goudelock,Early (1–3 yrs),Bottom 25%,2,0.05500000000000001,0,,0.099,8.25,9.25,197.6,10.33,,3.1,32.5,37.0,4.0
andrew harrison,Early (1–3 yrs),25–50%,3,0.14660753190164955,2,164.0,0.059,8.25,9.25,213.2,11.2,,3.34,26.5,33.0,
andrew nembhard,Early (1–3 yrs),25–50%,3,0.1386023127199598,0,,0.044,8.0,9.5,195.6,10.46,3.02,3.26,26.5,35.0,
andrew nicholson,Mid (4–7 yrs),Bottom 25%,5,0.09862706766917292,1,10.0,0.076,10.0,10.75,234.0,11.89,,3.67,28.5,30.5,10.0
andris biedrins,Mid (4–7 yrs),Bottom 25%,5,0.07303968451809154,3,62.666666666666664,0.093,,,,,,,,,
andy rautins,Early (1–3 yrs),Top 25%,1,0.32,0,,0.062,8.0,9.75,191.6,11.27,,3.49,23.5,30.5,8.0
anfernee simons,Mid (4–7 yrs),50–75%,7,0.2630423449552553,4,100.0,0.077,8.75,9.0,183.2,11.27,3.16,3.1,32.0,41.5,1.0
anthony black,Early (1–3 yrs),Bottom 25%,2,0.09358974358974359,0,,,8.25,9.5,210.0,11.04,,3.35,32.0,39.0,
anthony brown,Early (1–3 yrs),Top 25%,3,1.1641588296760712,3,8.666666666666666,0.061,8.5,9.0,211.0,10.94,3.29,3.18,27.5,34.5,4.0
anthony davis,Late (8+ yrs),Top 25%,13,0.41287742071728734,8,150.625,0.079,9.0,8.5,221.8,,,,,,
anthony randolph,Mid (4–7 yrs),50–75%,5,0.193132382437444,2,156.5,0.047,,,197.0,11.86,,3.26,29.0,35.0,7.0
antoine wright,Early (1–3 yrs),Bottom 25%,2,0.0699360341151386,2,11.5,,,,202.6,11.45,,3.41,26.5,29.5,12.0
antonio reeves,Early (1–3 yrs),25–50%,1,0.15681818181818183,0,,,9.0,10.0,186.6,11.44,3.16,3.14,29.0,36.0,
archie goodwin,Mid (4–7 yrs),50–75%,4,0.21263655738784107,2,5.5,0.0455,8.5,9.0,189.0,10.75,3.41,3.27,30.0,36.0,1.0
armon johnson,Early (1–3 yrs),Top 25%,2,0.32704678362573103,0,,0.056,8.25,9.25,195.2,11.25,,3.19,31.5,38.5,18.0
arnett moultrie,Early (1–3 yrs),25–50%,2,0.16436170212765958,1,295.0,0.077,9.25,9.25,232.8,11.32,,3.22,33.5,37.5,10.0
ausar thompson,Early (1–3 yrs),25–50%,2,0.1554344901802529,0,,,8.75,9.25,218.2,,,,,,
austin daye,Mid (4–7 yrs),Bottom 25%,6,0.10377673009176035,2,12.5,0.055,,,191.8,12.11,,3.55,25.0,28.0,
austin rivers,Late (8+ yrs),25–50%,11,0.13519054013986087,8,91.375,0.062,8.5,10.0,202.8,11.54,,3.32,32.5,37.5,1.0
avery bradley,Late (8+ yrs),50–75%,12,0.1888825524853667,10,143.5,0.04,8.25,9.5,180.4,11.47,,3.14,31.5,37.5,2.0
ayo dosunmu,Mid (4–7 yrs),25–50%,4,0.16242583360575352,1,47.0,0.049,8.5,8.75,194.4,11.51,3.27,3.23,27.0,33.5,
baylor scheierman,Early (1–3 yrs),Bottom 25%,1,0.11612903225806452,0,,,9.25,9.75,201.6,10.89,2.94,3.09,27.5,32.0,
ben gordon,Mid (4–7 yrs),50–75%,6,0.1888804093289165,1,26.0,0.053,,,192.0,11.28,,3.19,31.5,37.5,12.0
ben mclemore,Late (8+ yrs),25–50%,9,0.14316378729970267,0,,0.05,8.75,9.5,189.2,11.87,3.11,3.27,32.5,42.0,6.0
ben sheppard,Early (1–3 yrs),Bottom 25%,2,0.08065998329156224,0,,,8.5,9.5,194.6,10.88,2.98,3.17,29.5,35.5,
bennedict mathurin,Early (1–3 yrs),50–75%,3,0.22782546235936066,0,,0.057,8.5,9.75,204.6,,,,,,
beno udrih,Late (8+ yrs),25–50%,8,0.12918349563629744,2,160.5,0.093,,,199.0,,,,,,2.0
bernard james,Early (1–3 yrs),Bottom 25%,3,0.0886231884057971,2,4.5,0.05,9.0,9.25,229.8,11.84,,3.4,30.0,32.5,6.0
bilal coulibaly,Early (1–3 yrs),25–50%,2,0.1709039548022599,0,,,,,,,,,,,
blake griffin,Late (8+ yrs),Top 25%,13,0.33975605041172174,6,74.0,0.082,,,248.4,10.95,,3.28,32.0,35.5,22.0
blake wesley,Early (1–3 yrs),Bottom 25%,3,0.09035312870813154,0,,0.056,8.25,9.0,187.2,11.55,3.25,3.21,30.0,36.0,
bobby portis,Late (8+ yrs),50–75%,10,0.186590522089318,1,199.0,0.089,9.5,9.25,246.2,11.78,3.28,3.56,25.0,31.5,5.0
bobby simmons,Early (1–3 yrs),Bottom 25%,3,0.11133540372670807,2,142.5,0.067,,,235.0,11.69,,3.41,27.5,34.0,12.0
bobi klintman,Early (1–3 yrs),50–75%,1,0.2375,0,,,8.75,10.0,212.2,11.49,3.21,3.23,26.5,32.5,
bol bol,Mid (4–7 yrs),50–75%,6,0.2490472345268857,3,170.0,0.071,9.25,9.5,208.0,,,,,,
bradley beal,Late (8+ yrs),Top 25%,13,0.36110706520672686,9,159.88888888888889,0.06,8.5,9.0,201.8,10.95,,3.28,33.0,39.0,8.0
brandan wright,Late (8+ yrs),50–75%,8,0.20337374821491971,5,133.2,0.058,,,200.0,11.76,,3.31,30.5,35.5,2.0
brandin podziemski,Early (1–3 yrs),25–50%,2,0.15356841216216216,0,,,8.25,10.0,203.8,11.16,3.2,3.21,31.5,39.0,
brandon bass,Late (8+ yrs),25–50%,8,0.1330071997955475,0,,0.093,,,246.0,11.61,,3.24,31.5,33.0,18.0
brandon clarke,Mid (4–7 yrs),Top 25%,6,0.4562148704577292,5,40.4,0.049,8.25,9.5,207.2,10.61,3.05,3.15,34.0,40.5,10.0
brandon knight,Late (8+ yrs),Top 25%,9,0.35741231813454033,3,25.666666666666668,0.042,8.25,9.5,176.8,10.74,,3.07,29.0,37.5,10.0
brandon miller,Early (1–3 yrs),Top 25%,2,0.5057807807807808,0,,,,,,,,,,,
brandon roy,Early (1–3 yrs),Top 25%,3,0.5834478996181124,2,356.0,0.076,,,207.0,11.13,,3.27,34.0,40.5,6.0
brandon rush,Late (8+ yrs),Top 25%,8,0.5164318991576924,5,58.0,,,,211.4,11.33,,3.31,32.5,35.0,
brendan haywood,Mid (4–7 yrs),Bottom 25%,5,0.08113870949936523,2,94.0,0.129,,,266.0,12.87,,3.5,27.0,28.5,17.0
brian cook,Early (1–3 yrs),Bottom 25%,3,0.09715277777777777,1,42.0,0.105,,,234.0,11.87,,3.45,25.0,29.0,6.0
brian scalabrine,Early (1–3 yrs),Bottom 25%,3,0.043080993080993085,3,5.666666666666667,0.136,,,241.0,11.75,,3.47,27.0,30.5,14.0
brice johnson,Early (1–3 yrs),Top 25%,2,0.2833333333333333,1,272.0,0.075,9.0,8.25,208.6,11.88,2.94,3.2,33.5,38.0,
brice sensabaugh,Early (1–3 yrs),50–75%,2,0.1939480633802817,0,,,,,,,,,,,
brook lopez,Late (8+ yrs),Top 25%,16,0.5470546060994241,7,113.0,0.063,,,258.0,12.77,,3.57,27.5,30.5,7.0
bruce brown,Mid (4–7 yrs),25–50%,7,0.13990343622796894,5,150.0,0.0375,8.5,8.5,194.6,11.11,3.44,3.2,32.5,38.0,17.0
bruno fernando,Mid (4–7 yrs),Bottom 25%,6,0.10981782106782106,1,36.0,0.054,9.25,10.0,237.0,11.29,3.05,3.21,29.5,33.5,13.0
bryce mcgowens,Early (1–3 yrs),Bottom 25%,3,0.09286038206450882,0,,0.054,8.75,9.5,181.2,11.12,3.16,3.27,29.5,34.0,
buddy hield,Late (8+ yrs),50–75%,9,0.1925480962155549,1,1237.0,0.061,8.5,9.0,212.4,,,,,,
byron mullens,Mid (4–7 yrs),25–50%,5,0.13343589743589743,0,,0.085,,,258.2,11.1,,3.45,28.5,32.5,10.0
cade cunningham,Mid (4–7 yrs),Top 25%,4,0.6672986271121352,2,49.5,,,,,,,,,,
caleb swanigan,Early (1–3 yrs),Bottom 25%,3,0.08977072310405643,1,3.0,,9.5,10.25,245.6,,,,,,
cam christie,Early (1–3 yrs),Bottom 25%,1,0.10769230769230768,0,,,8.0,8.0,190.4,11.07,2.95,3.07,32.5,35.5,
cam thomas,Mid (4–7 yrs),Top 25%,4,0.40343491870789594,0,,,,,,,,,,,
cam whitmore,Early (1–3 yrs),50–75%,2,0.22300792657488527,0,,,8.0,8.25,235.0,10.82,3.33,3.2,31.5,40.5,
cameron johnson,Mid (4–7 yrs),50–75%,6,0.23894776125266146,3,179.0,0.058,8.0,8.5,205.2,10.52,3.28,3.26,30.5,36.5,
cameron payne,Late (8+ yrs),Top 25%,10,0.2858956591819671,6,129.66666666666666,0.063,8.5,8.25,182.8,10.9,2.93,3.28,29.8,35.5,
caris levert,Late (8+ yrs),50–75%,9,0.26152075429585947,8,150.125,0.0755,8.5,9.25,191.0,,,,,,
carl landry,Mid (4–7 yrs),50–75%,7,0.20188614684213438,2,28.5,0.075,,,248.0,11.35,,3.29,31.5,36.5,21.0
carlos boozer,Mid (4–7 yrs),50–75%,6,0.22090108814947026,2,56.5,,,,258.0,10.77,,3.31,26.5,28.5,13.0
carmelo anthony,Late (8+ yrs),Top 25%,13,0.4113016301262419,8,64.25,0.08,,,233.0,11.4,,3.15,30.5,33.5,7.0
caron butler,Mid (4–7 yrs),50–75%,7,0.22030132255067056,3,79.66666666666667,,,,222.0,12.15,,3.33,27.0,31.0,2.0
carrick felix,Early (1–3 yrs),Top 25%,1,0.38571428571428573,1,1.0,0.033,8.5,9.5,202.6,11.16,3.09,3.25,32.0,38.5,15.0
carsen edwards,Early (1–3 yrs),Top 25%,3,0.556073815751235,0,,0.055,8.75,9.0,199.4,10.53,2.82,3.22,28.5,34.0,14.0
cason wallace,Early (1–3 yrs),Bottom 25%,2,0.1032281205164993,0,,,8.5,9.25,195.2,10.82,,3.34,28.0,36.0,
chandler parsons,Late (8+ yrs),50–75%,9,0.25592574233035076,6,37.5,0.07,8.25,10.0,221.2,11.05,,3.29,25.5,31.5,4.0
channing frye,Late (8+ yrs),Bottom 25%,9,0.12271375662472733,1,593.0,,,,243.6,11.6,,3.38,27.5,31.0,19.0
charles jenkins,Early (1–3 yrs),Bottom 25%,2,0.07296444001329346,0,,0.043,8.5,9.0,216.4,11.68,,3.18,29.5,34.0,16.0
charlie villanueva,Mid (4–7 yrs),50–75%,7,0.1923320802511998,4,279.75,,,,236.6,10.86,,3.3,26.0,31.0,11.0
chase budinger,Mid (4–7 yrs),25–50%,7,0.1638789390065008,2,135.0,0.1,,,206.4,11.08,,3.24,29.5,38.5,10.0
cheick diallo,Mid (4–7 yrs),Top 25%,5,0.36426282051282055,1,7.0,0.056,8.5,9.75,218.6,11.24,3.3,3.26,31.0,35.0,
chet holmgren,Early (1–3 yrs),Top 25%,2,0.33498475609756095,0,,,,,,,,,,,
chimezie metu,Mid (4–7 yrs),25–50%,6,0.12747891354382226,2,27.5,0.0505,9.0,9.25,219.6,11.89,3.25,3.33,29.5,36.0,5.0
chinanu onuaku,Early (1–3 yrs),Top 25%,2,2.28,2,6.0,0.0855,9.0,8.0,245.2,11.65,3.0,3.5,27.5,33.5,
chris bosh,Mid (4–7 yrs),Top 25%,7,0.3101163125568688,5,162.8,0.08,,,225.0,11.8,,3.3,30.5,33.0,9.0
chris duhon,Mid (4–7 yrs),Bottom 25%,4,0.07070707690387425,0,,0.067,,,193.0,10.45,,3.14,31.5,35.0,7.0
chris kaman,Mid (4–7 yrs),50–75%,6,0.241936374810115,4,112.5,0.163,,,252.0,11.33,,3.37,23.5,30.5,15.0
chris mccullough,Early (1–3 yrs),25–50%,3,0.15529970760233916,2,141.5,0.062,8.75,8.75,199.0,,,,,,
chris paul,Late (8+ yrs),50–75%,16,0.2556259115510742,8,334.125,,,,178.0,11.09,,3.22,32.0,38.0,10.0
chris richard,Early (1–3 yrs),Bottom 25%,1,0.11666666666666667,0,,0.075,,,252.0,11.39,,3.29,26.5,30.5,15.0
chris singleton,Early (1–3 yrs),Bottom 25%,3,0.08720893141945774,1,134.0,0.074,9.25,10.0,230.2,11.33,,3.09,30.5,37.5,15.0
chris wilcox,Mid (4–7 yrs),25–50%,4,0.13097177611337893,2,13.0,,,,218.0,11.43,,3.16,31.0,34.5,20.0
christian braun,Early (1–3 yrs),Bottom 25%,3,0.11526773478927328,0,,0.062,8.0,8.5,209.2,11.0,3.13,3.16,33.5,40.0,
christian koloko,Early (1–3 yrs),Bottom 25%,2,0.059156570363466915,0,,0.057,9.0,10.75,221.0,11.3,3.19,3.27,28.0,33.5,
chuma okeke,Mid (4–7 yrs),50–75%,5,0.23495125520657437,2,82.5,,,,,,,,,,
cj elleby,Early (1–3 yrs),Bottom 25%,2,0.08833333333333332,1,339.0,0.042,8.75,10.0,198.6,11.25,2.63,3.25,30.5,36.5,
cj mccollum,Late (8+ yrs),Top 25%,12,0.2903679291800381,7,381.0,0.086,8.0,9.5,197.0,11.02,2.91,3.32,32.0,38.5,13.0
coby white,Mid (4–7 yrs),50–75%,6,0.21310718879233903,1,2.0,0.043,7.75,9.0,191.4,,,,,,
cody martin,Mid (4–7 yrs),50–75%,6,0.23333086529173427,3,326.0,0.05,8.25,9.0,192.2,10.44,2.99,3.32,28.0,35.5,7.0
cody williams,Early (1–3 yrs),Bottom 25%,1,0.092,0,,,8.25,9.0,178.4,11.17,2.93,3.06,31.0,35.5,
cody zeller,Late (8+ yrs),25–50%,11,0.17793922637908416,7,30.857142857142858,0.0475,8.5,10.5,230.0,,,,,,
colby jones,Early (1–3 yrs),Bottom 25%,2,0.08628205128205128,0,,,8.25,8.5,199.2,11.14,3.13,3.33,30.5,35.0,
cole aldrich,Late (8+ yrs),Bottom 25%,8,0.05879493430405359,2,5.0,0.085,9.0,9.25,236.0,11.48,,3.35,23.0,28.0,10.0
collin sexton,Mid (4–7 yrs),Top 25%,7,0.45898967708636695,2,38.5,0.056,8.25,8.5,183.0,,,,,,
corey brewer,Late (8+ yrs),25–50%,11,0.13116795031904538,1,26.0,0.042,,,185.0,11.69,,3.22,30.5,36.5,11.0
corey kispert,Mid (4–7 yrs),25–50%,4,0.153539360229934,0,,0.068,8.75,10.0,223.8,10.91,2.99,3.12,30.0,37.5,
cory joseph,Late (8+ yrs),Bottom 25%,14,0.10022267694270715,5,98.0,0.097,8.5,10.5,186.2,10.75,,3.27,27.5,35.0,5.0
craig brackins,Early (1–3 yrs),Top 25%,2,0.5071428571428571,2,5.0,0.079,9.5,11.25,229.0,11.65,,3.39,26.0,35.0,6.0
craig smith,Early (1–3 yrs),Bottom 25%,3,0.09557092198581559,2,25.0,0.122,,,259.0,11.59,,3.4,30.0,29.5,
daequan cook,Mid (4–7 yrs),Bottom 25%,4,0.09874443861591964,3,153.66666666666666,0.07,,,203.0,11.12,,3.22,30.0,34.5,4.0
dahntay jones,Mid (4–7 yrs),Top 25%,7,3.2025029356608306,1,21.0,0.026,,,214.0,10.91,,3.11,30.0,39.5,
dajuan summers,Mid (4–7 yrs),50–75%,4,0.2556818181818182,3,33.0,0.066,,,243.0,10.94,,3.17,29.5,34.5,15.0
dakari johnson,Early (1–3 yrs),Bottom 25%,1,0.05806451612903226,0,,0.149,9.25,10.5,264.6,11.76,2.94,3.62,22.5,25.0,4.0
dalen terry,Early (1–3 yrs),Bottom 25%,3,0.05736031511329986,0,,0.054,8.5,9.0,195.2,,,,,,
dalton knecht,Early (1–3 yrs),Bottom 25%,1,0.11666666666666667,0,,,8.5,9.5,212.2,10.56,2.79,3.07,31.0,39.0,
damian jones,Late (8+ yrs),25–50%,8,0.13123797696206232,3,16.666666666666668,0.0655,8.75,10.5,243.6,11.35,3.12,3.2,36.0,37.0,
damian lillard,Late (8+ yrs),Top 25%,13,0.39655735372698014,8,172.875,0.059,8.75,9.75,188.8,11.15,,3.34,34.5,39.5,13.0
damion james,Mid (4–7 yrs),50–75%,4,0.279,2,15.5,0.096,9.25,8.5,226.6,10.89,,3.2,29.0,33.0,13.0
damyean dotson,Mid (4–7 yrs),Top 25%,5,0.30499853357878964,3,237.0,0.053,8.5,9.25,205.2,11.18,3.03,3.13,31.5,38.0,13.0
daniel gafford,Mid (4–7 yrs),25–50%,6,0.14310209567757506,4,137.5,0.059,9.25,9.25,237.6,11.61,3.19,3.25,32.5,36.5,5.0
daniel orton,Early (1–3 yrs),25–50%,3,0.1678904428904429,3,3.6666666666666665,0.138,8.5,9.75,269.2,12.32,,3.39,24.0,30.5,13.0
danny granger,Mid (4–7 yrs),Top 25%,6,0.40663604192187286,5,86.0,,,,225.4,10.84,,3.34,31.0,34.0,10.0
danny green,Late (8+ yrs),25–50%,15,0.17236570632275597,9,25.77777777777778,0.056,,,208.0,11.3,,3.3,29.0,33.0,15.0
dante cunningham,Late (8+ yrs),Bottom 25%,10,0.07891647897384199,0,,0.048,,,227.4,11.18,,3.26,28.0,35.0,18.0
darington hobson,Early (1–3 yrs),25–50%,1,0.16,0,,0.062,8.25,9.0,203.6,11.68,,3.25,29.0,34.0,
dariq whitehead,Early (1–3 yrs),Top 25%,2,0.5175000000000001,0,,,8.5,10.0,217.2,,,,,,
darius bazley,Mid (4–7 yrs),50–75%,5,0.2414470096713794,3,188.66666666666666,0.036,9.0,9.75,208.4,11.09,2.95,3.27,30.5,37.0,4.0
darius garland,Mid (4–7 yrs),Top 25%,6,0.29221901069399653,3,35.333333333333336,,,,,,,,,,
darius miller,Mid (4–7 yrs),Bottom 25%,6,0.11062480928599698,3,615.3333333333334,0.075,8.5,8.75,233.4,11.34,,3.31,33.0,37.0,14.0
darius morris,Mid (4–7 yrs),Bottom 25%,4,0.10392300194931774,1,37.0,0.053,8.75,10.0,190.0,11.0,,3.2,24.5,32.0,12.0
darius songaila,Early (1–3 yrs),25–50%,2,0.128,1,8.0,,,,240.0,11.69,,3.52,24.5,29.5,8.0
darko milicic,Mid (4–7 yrs),Bottom 25%,4,0.1238829803848076,3,117.66666666666667,0.08,,,250.0,11.3,,3.36,26.5,32.5,13.0
darrell arthur,Late (8+ yrs),Bottom 25%,8,0.12111643487627523,4,105.0,0.073,,,216.0,12.18,,3.14,28.5,30.0,12.0
darren collison,Late (8+ yrs),50–75%,11,0.20870222701386834,4,348.5,0.057,,,166.2,10.45,,3.1,30.5,33.5,9.0
david johnson,Early (1–3 yrs),Bottom 25%,1,0.0,0,,0.075,8.25,8.5,202.8,12.02,3.2,3.03,33.0,39.0,
david lee,Late (8+ yrs),50–75%,8,0.21517934478677087,5,234.6,,,,229.5,10.8,,3.19,30.5,32.5,14.0
david roddy,Early (1–3 yrs),Bottom 25%,3,0.11170274170274169,0,,0.116,8.75,10.0,260.8,10.75,3.1,3.22,27.0,35.5,
david west,Late (8+ yrs),25–50%,9,0.17076110917442577,4,266.0,0.08,,,226.0,12.18,,3.43,28.5,31.5,11.0
davion mitchell,Mid (4–7 yrs),Bottom 25%,4,0.1009253003003003,2,229.5,0.062,8.25,8.75,202.4,,,,,,
davon reed,Mid (4–7 yrs),Bottom 25%,4,0.10084025470653378,1,12.0,0.065,9.25,9.5,206.2,11.37,3.21,3.34,28.5,36.0,12.0
dayron sharpe,Mid (4–7 yrs),25–50%,4,0.14028551912568304,2,20.0,,,,,,,,,,
deandre bembry,Mid (4–7 yrs),Bottom 25%,6,0.11853525189220089,5,9.6,0.07,8.0,9.25,206.6,10.9,2.87,3.17,32.0,38.0,
deandre hunter,Mid (4–7 yrs),Top 25%,6,0.3115670256259652,5,94.6,,,,,,,,,,
deandre jordan,Late (8+ yrs),Bottom 25%,16,0.12221081736101225,3,739.6666666666666,0.075,,,250.0,12.3,,3.27,26.0,30.5,8.0
deanthony melton,Mid (4–7 yrs),Top 25%,7,0.3842218047342159,4,164.5,0.052,8.5,9.5,193.2,11.48,3.33,3.23,31.0,36.5,1.0
dejuan blair,Mid (4–7 yrs),Bottom 25%,6,0.0970202834360847,1,6.0,0.12,,,276.6,11.5,,3.45,26.0,33.0,18.0
delon wright,Late (8+ yrs),Bottom 25%,10,0.12149030249775436,4,50.5,0.066,8.0,8.5,181.4,11.16,3.5,3.29,29.5,31.0,4.0
delonte west,Early (1–3 yrs),50–75%,3,0.19939393939393937,3,15.333333333333334,0.067,,,183.0,11.2,,3.15,30.0,35.0,12.0
demar derozan,Late (8+ yrs),Top 25%,16,0.28950104755525635,8,363.25,0.049,,,211.2,11.88,,3.31,29.0,38.5,5.0
demarcus cousins,Late (8+ yrs),Top 25%,11,0.33407564710141907,4,196.0,0.164,9.25,10.0,291.8,11.4,,3.55,23.5,27.5,
demarre carroll,Late (8+ yrs),25–50%,11,0.16047880048611224,9,30.77777777777778,0.063,,,207.2,,,,,,
demetrius jackson,Early (1–3 yrs),Top 25%,3,0.36333333333333334,3,19.333333333333332,0.065,8.25,9.0,193.8,10.81,2.87,3.25,37.5,43.5,
denzel valentine,Mid (4–7 yrs),25–50%,5,0.12730042971554006,1,2.0,0.092,8.5,9.75,210.4,10.51,3.22,3.46,27.0,32.0,
dereck lively,Early (1–3 yrs),50–75%,2,0.2008333333333333,0,,,,,,,,,,,
deron williams,Late (8+ yrs),50–75%,8,0.24785266530586286,6,82.0,,,,202.4,10.83,,3.25,30.0,35.0,15.0
derrick brown,Early (1–3 yrs),Bottom 25%,3,0.08668704728855105,2,1.0,0.086,,,224.6,11.26,,3.13,30.5,35.5,20.0
derrick favors,Late (8+ yrs),25–50%,12,0.15869577976550214,7,154.57142857142858,0.065,8.75,9.25,245.2,11.74,,3.25,31.5,35.5,14.0
derrick rose,Late (8+ yrs),Top 25%,14,0.4248783608366942,11,65.9090909090909,0.046,,,196.0,11.69,,3.05,34.5,40.0,10.0
derrick white,Late (8+ yrs),50–75%,8,0.21014736255937938,5,62.4,0.062,8.25,8.5,189.8,10.84,2.92,3.08,31.0,36.5,10.0
derrick williams,Mid (4–7 yrs),25–50%,7,0.17716510741510744,0,,0.108,9.0,9.75,248.4,11.03,,3.23,29.0,34.5,19.0
desagana diop,Mid (4–7 yrs),Bottom 25%,4,0.049563341750841754,4,74.75,0.21,,,314.0,12.37,,3.56,21.5,25.5,15.0
devin booker,Late (8+ yrs),Top 25%,10,0.3762246638095327,6,321.8333333333333,0.083,8.75,9.0,205.8,10.27,2.75,3.28,27.5,34.5,8.0
devin carter,Early (1–3 yrs),Bottom 25%,1,0.10555555555555556,0,,,8.75,9.0,193.0,10.63,2.9,2.87,35.0,42.0,
devin ebanks,Early (1–3 yrs),25–50%,3,0.16687134502923975,3,31.666666666666668,0.079,8.25,9.0,207.8,11.69,,3.44,23.5,32.0,6.0
devin harris,Late (8+ yrs),25–50%,10,0.15742750563193392,7,63.57142857142857,0.053,,,170.0,11.03,,3.19,30.5,37.0,5.0
devonte graham,Mid (4–7 yrs),50–75%,6,0.18924897095887036,6,138.16666666666666,0.048,8.5,9.5,186.4,11.28,3.15,3.21,31.0,37.0,14.0
dexter pittman,Mid (4–7 yrs),25–50%,4,0.16233766233766234,2,2.0,0.208,10.25,10.5,302.6,,,,,,
deyonta davis,Early (1–3 yrs),50–75%,3,0.19414575866188769,1,19.0,0.097,9.0,9.25,237.2,,,,,,
diamond stone,Early (1–3 yrs),50–75%,1,0.19999999999999998,1,9.0,0.1285,8.5,7.75,254.4,12.02,3.22,3.5,27.0,29.5,
dillon brooks,Late (8+ yrs),50–75%,8,0.27042415009677084,4,37.25,0.075,8.25,9.25,220.2,11.14,3.24,3.21,31.0,37.5,16.0
dillon jones,Early (1–3 yrs),Bottom 25%,1,0.046296296296296294,0,,,9.0,9.25,236.8,11.08,2.82,3.25,26.5,33.5,
dion waiters,Late (8+ yrs),Top 25%,8,0.36801746120059553,4,243.75,0.085,8.5,9.5,221.0,,,,,,
dj augustin,Late (8+ yrs),25–50%,13,0.13595528321465203,0,,0.081,,,171.5,11.27,,3.07,28.5,35.0,2.0
dj wilson,Mid (4–7 yrs),Top 25%,6,0.7978594341094342,3,159.0,0.064,9.25,10.25,234.4,,,,,,
dominic mcguire,Mid (4–7 yrs),Bottom 25%,4,0.052199401395173456,2,9.0,0.047,,,220.0,10.95,,3.25,28.5,34.5,12.0
dominique jones,Early (1–3 yrs),Bottom 25%,3,0.11584233135957274,2,31.5,0.059,9.0,10.25,216.0,10.88,,3.31,26.0,32.5,19.0
donovan clingan,Early (1–3 yrs),Bottom 25%,1,0.09701492537313433,0,,,10.0,10.25,282.0,12.06,3.38,3.46,25.5,29.0,
donovan mitchell,Late (8+ yrs),Top 25%,8,0.3798665052373081,6,94.66666666666667,0.059,8.5,9.5,211.4,11.53,3.07,3.01,36.5,40.5,10.0
donte divincenzo,Mid (4–7 yrs),25–50%,7,0.17190859291473728,5,57.4,0.05,8.25,9.0,200.6,10.72,3.12,3.11,34.5,42.0,12.0
donte greene,Early (1–3 yrs),Bottom 25%,3,0.09926228957682694,1,288.0,0.076,,,221.0,11.21,,3.2,27.5,31.5,2.0
doron lamb,Early (1–3 yrs),Bottom 25%,2,0.06906864712966679,1,2.0,0.067,8.5,8.75,199.4,11.12,,3.41,29.0,33.5,2.0
draymond green,Late (8+ yrs),25–50%,13,0.13093000147207043,7,168.71428571428572,0.113,9.0,9.5,235.6,11.01,,3.4,28.0,33.0,9.0
drew gooden,Mid (4–7 yrs),50–75%,6,0.2354365609880316,5,122.4,,,,227.0,11.81,,3.19,29.0,33.0,13.0
dwayne bacon,Mid (4–7 yrs),25–50%,4,0.1323935819616491,1,617.0,0.079,8.75,10.0,221.6,11.7,3.22,3.22,30.0,36.5,8.0
dwight howard,Late (8+ yrs),Top 25%,13,0.3140294786860269,6,74.16666666666667,0.105,,,240.0,11.21,,3.14,30.5,35.5,7.0
dwyane wade,Late (8+ yrs),Top 25%,10,0.3078113035440551,9,90.66666666666667,0.067,,,212.0,10.56,,3.08,31.5,35.0,9.0
dylan windler,Mid (4–7 yrs),50–75%,4,0.23136685641998736,1,73.0,0.046,8.25,9.5,195.8,10.7,2.94,3.3,29.0,37.5,8.0
dyson daniels,Early (1–3 yrs),Bottom 25%,3,0.11500502088786846,0,,0.049,8.5,9.75,195.2,10.81,2.81,3.22,29.0,34.0,
earl clark,Mid (4–7 yrs),Bottom 25%,6,0.11473600362932368,0,,0.052,,,228.4,11.17,,3.35,28.5,33.0,5.0
earl watson,Mid (4–7 yrs),Bottom 25%,5,0.054996835443037975,1,39.0,0.04,,,184.0,10.97,,3.19,32.5,37.5,4.0
ed davis,Late (8+ yrs),Bottom 25%,12,0.08353487039775243,0,,0.1,9.25,10.0,226.6,11.7,,3.21,31.0,36.0,
eddie house,Early (1–3 yrs),Bottom 25%,2,0.1095063025210084,0,,,,,176.5,11.12,,3.27,29.5,38.5,5.0
eddy curry,Early (1–3 yrs),Top 25%,3,0.9761904761904763,2,41.0,0.165,,,301.0,12.25,,3.53,28.0,31.0,16.0
eduardo najera,Early (1–3 yrs),Bottom 25%,3,0.08768753453185431,3,8.666666666666666,,,,234.5,11.38,,3.45,28.0,35.0,15.0
ej liddell,Early (1–3 yrs),Bottom 25%,2,0.10625,0,,0.122,8.25,9.25,243.0,11.11,3.23,3.26,35.5,38.0,
ekpe udoh,Mid (4–7 yrs),Bottom 25%,7,0.05909498141999931,3,116.33333333333333,0.08,9.5,8.75,237.4,11.15,,3.29,31.0,33.5,10.0
elijah hughes,Early (1–3 yrs),Bottom 25%,2,0.09583333333333333,1,47.0,0.102,8.5,8.75,229.0,,,,,,
emeka okafor,Mid (4–7 yrs),50–75%,5,0.18571341397445135,1,401.0,0.053,,,257.0,12.32,,3.15,31.5,34.0,22.0
emoni bates,Early (1–3 yrs),50–75%,2,0.275,0,,,8.0,8.25,179.2,11.54,,3.49,27.0,32.5,
enrique freeman,Early (1–3 yrs),Bottom 25%,1,0.09545454545454546,0,,,8.75,10.0,212.0,10.99,3.04,3.26,30.5,35.0,
eric bledsoe,Late (8+ yrs),50–75%,12,0.2432321706687194,7,257.57142857142856,0.056,8.5,9.75,191.6,,,,,,9.0
eric gordon,Late (8+ yrs),Top 25%,16,0.4179878935320685,13,125.46153846153847,0.082,,,222.0,10.81,,3.01,32.0,40.0,15.0
eric maynor,Mid (4–7 yrs),25–50%,5,0.14601886759234978,0,,0.054,,,163.6,10.78,,3.19,28.5,31.5,8.0
eric paschall,Early (1–3 yrs),50–75%,3,0.19027777777777777,2,36.5,0.063,9.0,9.5,254.4,11.63,3.26,3.3,33.0,38.0,18.0
erick green,Early (1–3 yrs),Bottom 25%,2,0.117312661498708,1,2.0,0.0435,8.5,9.0,178.2,,,,,,5.0
erik murphy,Early (1–3 yrs),Bottom 25%,1,0.012499999999999999,0,,0.0795,8.75,9.75,239.8,12.19,2.96,3.57,24.5,29.5,13.0
ersan ilyasova,Late (8+ yrs),25–50%,12,0.1645150593063547,8,260.0,,,,208.8,11.59,,3.56,22.0,30.0,2.0
evan mobley,Mid (4–7 yrs),50–75%,4,0.24925449394218918,1,21.0,,,,,,,,,,
evan turner,Late (8+ yrs),25–50%,10,0.13265348954871423,4,111.75,0.086,8.75,9.5,213.8,11.06,,3.27,27.5,34.5,9.0
fab melo,Early (1–3 yrs),50–75%,1,0.19999999999999998,0,,0.092,9.0,10.0,255.0,12.14,,3.44,29.5,31.0,9.0
festus ezeli,Early (1–3 yrs),Bottom 25%,3,0.09286510590858417,1,364.0,0.055,9.0,10.75,264.2,12.35,,3.29,34.0,33.5,18.0
francisco garcia,Mid (4–7 yrs),25–50%,6,0.16937265689975048,3,169.66666666666666,,,,189.6,10.63,,3.33,27.5,31.5,5.0
frank jackson,Mid (4–7 yrs),25–50%,5,0.13691330925257014,3,20.0,0.067,8.25,9.0,201.6,10.94,2.7,3.14,34.5,42.0,9.0
frank kaminsky,Late (8+ yrs),50–75%,8,0.27605541849572957,3,258.3333333333333,0.094,8.5,9.5,231.2,,,,,,
frank mason,Mid (4–7 yrs),Top 25%,4,0.6569500674763833,2,26.5,0.043,8.0,9.25,188.8,11.41,3.09,3.18,34.0,41.0,15.0
gani lawal,Early (1–3 yrs),Bottom 25%,1,0.0,1,44.0,0.063,8.5,10.0,233.4,11.61,,3.24,27.0,31.5,20.0
gary trent,Mid (4–7 yrs),50–75%,7,0.20824534633376376,5,24.0,0.07,8.5,9.5,204.2,11.37,2.99,3.12,33.5,39.5,12.0
george hill,Late (8+ yrs),50–75%,14,0.1898255239442637,10,112.7,0.03,,,181.0,12.2,,3.07,34.0,37.5,9.0
georges niang,Late (8+ yrs),Bottom 25%,9,0.09659965194836695,5,81.2,0.1005,9.25,9.25,230.8,11.64,3.17,3.49,25.0,31.0,
gerald green,Late (8+ yrs),50–75%,8,0.19444665355764826,0,,,,,192.0,11.2,,3.21,31.5,39.0,7.0
gerald henderson,Late (8+ yrs),25–50%,8,0.1607259388515801,2,337.5,0.044,,,214.6,11.17,,3.14,31.5,35.0,8.0
gg jackson,Early (1–3 yrs),50–75%,2,0.2762212643678161,0,,,8.5,10.0,214.4,11.39,,3.21,31.0,37.0,
giddens,Early (1–3 yrs),Bottom 25%,1,0.06875,1,4.0,0.054,,,208.0,,,,,,10.0
gilbert arenas,Early (1–3 yrs),Top 25%,3,0.3691981792717087,1,284.0,0.053,,,199.0,,,3.25,31.5,36.0,12.0
glen rice,Early (1–3 yrs),Top 25%,2,0.3518181818181818,1,16.0,0.0845,8.5,9.0,210.8,10.99,3.08,3.25,33.0,40.5,10.0
gordon hayward,Late (8+ yrs),Top 25%,14,0.372326434200755,10,190.3,0.069,8.5,9.25,211.0,11.73,,3.22,30.5,34.5,10.0
gorgui dieng,Late (8+ yrs),Bottom 25%,10,0.1118652326207594,2,3.5,0.0535,9.0,10.0,229.6,,,,,,
gradey dick,Early (1–3 yrs),50–75%,2,0.20416666666666666,0,,,8.25,9.0,204.0,11.13,2.98,3.5,29.0,34.0,
grant jerrett,Early (1–3 yrs),50–75%,1,0.25,1,20.0,0.1005,8.5,9.25,232.0,11.85,3.23,3.51,28.5,34.0,2.0
grant williams,Mid (4–7 yrs),50–75%,6,0.1855391999299684,1,337.0,0.054,9.0,10.5,240.2,10.83,3.27,3.33,26.0,31.5,20.0
grayson allen,Mid (4–7 yrs),25–50%,7,0.17808100744284955,5,61.0,0.0555,8.25,10.0,198.0,10.31,3.04,3.15,32.5,40.5,
greg brown,Early (1–3 yrs),50–75%,3,0.20902777777777778,1,26.0,0.055,9.0,9.75,206.4,10.98,2.98,3.19,33.5,39.0,
greg monroe,Late (8+ yrs),50–75%,10,0.201321104829999,1,76.0,0.112,8.75,9.5,246.6,12.1,,3.35,25.0,29.0,15.0
greg oden,Early (1–3 yrs),Top 25%,2,0.3273291925465839,1,274.0,0.078,,,257.0,11.67,,3.27,32.0,34.0,
greivis vasquez,Mid (4–7 yrs),50–75%,7,0.2309067977119615,1,3.0,0.086,7.75,9.25,210.8,,,,,,
hakim warrick,Mid (4–7 yrs),25–50%,4,0.16515037593984963,0,,,,,215.0,,,3.22,33.0,38.0,11.0
hamidou diallo,Mid (4–7 yrs),50–75%,6,0.21689209061166462,3,43.333333333333336,0.0445,8.75,9.0,197.0,10.53,3.14,3.1,32.5,40.5,1.0
harrison barnes,Late (8+ yrs),50–75%,13,0.1854590412814787,2,49.5,0.096,9.0,8.5,227.8,10.93,,3.16,38.0,39.5,15.0
harrison ingram,Early (1–3 yrs),25–50%,1,0.16,0,,,9.0,10.25,233.6,11.36,2.94,3.17,29.0,35.0,
harry giles,Mid (4–7 yrs),Bottom 25%,4,0.11218042294642153,1,90.0,0.052,9.5,10.75,232.0,11.08,3.0,3.34,27.0,32.5,5.0
hasheem thabeet,Mid (4–7 yrs),Bottom 25%,5,0.04950600800407624,2,136.5,0.067,,,267.2,,,,,,
hassan whiteside,Late (8+ yrs),25–50%,10,0.17626117132751767,8,134.875,0.055,8.25,10.25,226.6,11.83,,3.54,27.0,31.5,12.0
henry ellenson,Mid (4–7 yrs),Top 25%,5,0.8838947368421053,4,74.75,0.112,8.5,9.75,242.0,,,,,,
herbert jones,Mid (4–7 yrs),50–75%,4,0.23250414059624586,0,,0.058,8.5,9.0,206.4,11.02,3.17,3.25,28.5,36.5,
hilton armstrong,Early (1–3 yrs),Bottom 25%,3,0.07069182389937106,2,45.0,0.063,,,240.0,12.28,,3.53,28.5,31.5,13.0
ignas brazdeikis,Early (1–3 yrs),Top 25%,3,0.28954008954008953,0,,0.06,8.75,9.5,220.8,11.06,3.17,3.36,31.0,36.5,13.0
ike anigbogu,Early (1–3 yrs),Bottom 25%,2,0.05454545454545454,2,14.0,0.054,9.5,10.0,252.2,12.52,3.48,3.44,29.5,32.5,11.0
ike diogu,Early (1–3 yrs),Top 25%,2,0.33055555555555555,0,,,,,255.4,11.94,,3.45,28.0,31.0,21.0
iman shumpert,Late (8+ yrs),50–75%,10,0.19961228561005545,7,156.85714285714286,0.065,9.0,9.0,221.8,11.1,,3.18,36.5,42.0,18.0
immanuel quickley,Mid (4–7 yrs),50–75%,5,0.2550258460675127,1,75.0,0.082,8.0,8.75,185.8,11.21,2.46,3.17,29.5,35.5,
isaiah canaan,Mid (4–7 yrs),50–75%,6,0.21594024179130564,3,32.333333333333336,0.059,8.25,9.5,188.4,10.98,2.89,3.22,33.0,40.5,16.0
isaiah collier,Early (1–3 yrs),Bottom 25%,1,0.12253521126760562,0,,,8.5,9.0,204.6,10.77,2.9,3.04,30.0,34.0,
isaiah jackson,Mid (4–7 yrs),Top 25%,4,0.4628769841269841,2,35.0,,,,,,,,,,
isaiah joe,Mid (4–7 yrs),Bottom 25%,5,0.10576029543219653,2,87.0,0.047,8.25,8.25,170.4,,,,,,
isaiah livers,Early (1–3 yrs),50–75%,3,0.22769318781904593,3,131.66666666666666,0.094,9.0,9.5,231.8,,,,,,
isaiah mobley,Early (1–3 yrs),Top 25%,3,2.1488888888888886,0,,0.129,9.0,10.0,238.0,12.7,3.5,3.3,26.5,32.0,
isaiah roby,Mid (4–7 yrs),Bottom 25%,4,0.11617161072079105,3,97.33333333333333,0.039,9.0,10.5,214.0,10.63,3.05,3.25,32.5,35.5,9.0
isaiah stewart,Mid (4–7 yrs),25–50%,5,0.15587354682228066,2,35.5,0.075,9.0,10.5,243.0,,,,,,
isaiah todd,Early (1–3 yrs),50–75%,2,0.19583333333333333,1,17.0,0.062,9.0,9.75,219.0,11.38,3.25,3.31,28.5,35.5,
isaiah whitehead,Early (1–3 yrs),50–75%,2,0.2475599315068493,2,59.5,0.0925,8.5,8.75,210.0,11.65,3.21,3.34,27.5,35.5,
ivan rabb,Early (1–3 yrs),25–50%,2,0.13696145124716552,2,41.5,0.068,8.75,9.0,219.6,12.68,3.23,3.35,28.5,32.5,3.0
ja morant,Mid (4–7 yrs),Top 25%,6,0.7886575141603022,4,42.75,,,,,,,,,,
jabari smith,Early (1–3 yrs),50–75%,3,0.1854411873565771,0,,,,,,,,,,,
jacob evans,Early (1–3 yrs),Bottom 25%,2,0.09752873563218392,2,25.0,0.065,9.0,9.25,199.6,11.11,3.14,3.2,28.0,35.5,8.0
jaden hardy,Early (1–3 yrs),25–50%,3,0.14532163742690057,0,,,,,,,,,,,
jaden ivey,Early (1–3 yrs),Top 25%,3,0.33564564564564564,1,99.0,,,,,,,,,,
jaden springer,Mid (4–7 yrs),50–75%,4,0.19699661841480778,2,50.0,0.063,8.5,9.75,202.0,11.46,3.1,3.13,34.5,41.5,
jae crowder,Late (8+ yrs),25–50%,13,0.16468830693529063,3,111.0,0.09,9.5,10.5,241.2,11.45,,3.37,31.0,34.5,20.0
jahmius ramsey,Early (1–3 yrs),Top 25%,3,0.45467514941199155,1,1.0,0.034,8.75,9.75,193.4,,,,,,
jaime jaquez,Early (1–3 yrs),25–50%,2,0.1444848484848485,0,,,8.5,9.5,226.4,11.21,,3.33,34.5,39.0,
jajuan johnson,Early (1–3 yrs),Bottom 25%,1,0.08888888888888889,0,,0.075,9.0,10.0,219.8,11.21,,3.14,33.5,38.0,15.0
jake laravia,Early (1–3 yrs),25–50%,3,0.1662770562770563,2,16.0,0.09,8.5,10.25,227.2,10.58,2.89,3.37,27.5,34.0,
jake layman,Mid (4–7 yrs),25–50%,6,0.1296740945816988,0,,0.071,8.25,9.25,208.6,11.35,2.82,3.24,33.0,39.5,
jakob poeltl,Late (8+ yrs),25–50%,9,0.14122166378837736,4,208.5,0.058,9.25,10.25,239.0,,,,,,
jakobe walter,Early (1–3 yrs),25–50%,1,0.16538461538461538,0,,,8.75,9.75,197.6,11.0,2.92,3.04,30.5,38.5,
jalen brunson,Mid (4–7 yrs),50–75%,7,0.25550694145225,3,125.66666666666667,0.067,8.25,9.25,198.4,10.59,3.11,3.15,29.0,37.0,7.0
jalen duren,Early (1–3 yrs),25–50%,3,0.17111081833372022,2,54.0,,,,,,,,,,
jalen green,Mid (4–7 yrs),50–75%,4,0.26103009503190083,1,400.0,,,,,,,,,,
jalen hood schifino,Early (1–3 yrs),50–75%,2,0.27476190476190476,0,,,9.0,9.75,216.6,,,,,,
jalen johnson,Mid (4–7 yrs),50–75%,4,0.24995129870129867,1,5.0,0.045,9.75,10.5,209.6,,,,,,
jalen pickett,Early (1–3 yrs),Bottom 25%,2,0.07146636432350717,0,,,8.5,7.5,197.8,11.91,3.41,3.35,28.5,33.0,
jalen smith,Mid (4–7 yrs),25–50%,5,0.13662432140433586,1,1.0,0.037,9.25,9.25,224.6,,,,,,
jalen williams,Early (1–3 yrs),50–75%,3,0.2566858542559706,0,,0.089,8.5,9.5,209.2,11.13,3.17,3.11,33.5,39.0,
jamaal franklin,Early (1–3 yrs),50–75%,2,0.2119047619047619,1,7.0,0.0825,8.5,8.25,190.8,,,,,,
jamaal tinsley,Mid (4–7 yrs),Bottom 25%,4,0.09565889154704944,1,100.0,0.136,,,199.0,11.96,,3.2,28.0,37.5,1.0
jamal crawford,Late (8+ yrs),Top 25%,11,0.633045759623141,3,214.66666666666666,,,,175.0,,,,,,
jamal shead,Early (1–3 yrs),Bottom 25%,1,0.09466666666666666,0,,,8.25,8.75,200.8,10.87,2.87,2.94,30.0,37.5,
jameer nelson,Late (8+ yrs),25–50%,9,0.173919586338059,5,134.0,0.08,,,199.0,10.95,,3.14,28.5,33.5,15.0
james anderson,Mid (4–7 yrs),Bottom 25%,5,0.10066478129713423,1,20.0,0.079,8.5,7.25,207.6,11.86,,3.19,30.0,35.5,14.0
james bouknight,Early (1–3 yrs),50–75%,3,0.1900786120899973,1,17.0,0.055,8.75,9.0,190.0,,,,,,
james ennis,Late (8+ yrs),50–75%,8,0.201622281182661,6,138.0,0.045,8.5,8.75,200.8,11.55,3.06,3.4,29.5,36.5,7.0
james harden,Late (8+ yrs),Top 25%,16,0.34058977120370626,7,225.42857142857142,0.101,,,222.0,11.1,,3.13,31.5,37.0,17.0
james johnson,Late (8+ yrs),25–50%,16,0.13096277209325816,8,116.125,0.12,,,257.2,11.21,,3.23,30.5,35.0,18.0
james jones,Late (8+ yrs),Bottom 25%,8,0.09462894282956848,0,,0.067,,,218.0,11.18,,3.19,30.5,33.0,9.0
jarace walker,Early (1–3 yrs),Bottom 25%,2,0.09521212121212122,0,,,9.0,10.0,248.6,10.89,,3.2,34.5,38.0,
jared butler,Mid (4–7 yrs),Top 25%,4,0.357827380952381,2,30.5,0.051,8.5,8.25,193.0,,,,,,
jared cunningham,Early (1–3 yrs),25–50%,3,0.16619433198380568,2,4.5,0.036,8.25,9.0,187.6,,,,,,4.0
jared dudley,Late (8+ yrs),Bottom 25%,12,0.09869743443140949,2,29.5,0.071,,,219.0,11.32,,3.45,28.0,32.0,14.0
jared jeffries,Mid (4–7 yrs),Bottom 25%,4,0.06574272219009061,4,215.25,,,,230.0,11.73,,3.4,26.0,30.0,9.0
jared mccain,Early (1–3 yrs),Top 25%,1,0.6652173913043479,0,,,8.25,9.5,203.2,10.87,3.07,3.23,25.5,33.0,
jared sullinger,Mid (4–7 yrs),50–75%,5,0.1957249621617438,0,,0.107,9.25,9.75,268.2,12.77,,3.81,29.5,31.0,9.0
jarell martin,Mid (4–7 yrs),Bottom 25%,4,0.11843335507719069,3,152.33333333333334,0.101,8.25,9.5,238.6,11.2,2.97,3.27,28.5,35.0,19.0
jaren jackson,Mid (4–7 yrs),Top 25%,7,0.4282009495128499,5,34.4,0.072,10.0,10.0,236.0,,,,,,
jarrett allen,Late (8+ yrs),50–75%,8,0.18607486236364465,4,318.0,0.074,9.5,10.5,233.6,11.82,3.0,3.21,31.5,35.5,4.0
jarrett culver,Mid (4–7 yrs),50–75%,4,0.20912717339187928,2,57.0,0.05,8.25,8.5,194.2,,,,,,
jarrett jack,Late (8+ yrs),Top 25%,9,0.3384365393054678,0,,,,,197.6,10.87,,3.24,26.0,28.5,5.0
jarvis varnado,Early (1–3 yrs),Bottom 25%,2,0.10849358974358973,1,4.0,0.095,9.25,9.5,210.2,11.61,,3.37,29.5,32.5,3.0
jason collins,Mid (4–7 yrs),Bottom 25%,5,0.038452738990332976,3,22.0,0.129,,,251.0,12.1,,3.54,25.5,28.5,8.0
jason hart,Early (1–3 yrs),Bottom 25%,1,0.08,1,5.0,,,,181.0,11.7,,3.34,29.5,33.5,9.0
jason kapono,Early (1–3 yrs),Bottom 25%,3,0.06774691358024691,2,164.0,0.117,,,215.0,11.04,,3.38,23.5,30.0,8.0
jason maxiell,Mid (4–7 yrs),Bottom 25%,6,0.08453453929745612,1,1087.0,,,,257.6,,,,,,
jason preston,Early (1–3 yrs),50–75%,2,0.22499999999999998,0,,0.0545,8.5,9.25,180.6,10.82,3.08,3.13,30.5,38.5,
jason richardson,Mid (4–7 yrs),Top 25%,5,0.28113563572657513,1,10.0,0.053,,,213.0,11.75,,3.12,32.5,39.5,15.0
jason smith,Late (8+ yrs),25–50%,10,0.13751011288627327,6,151.66666666666666,0.075,,,233.0,10.96,,3.29,33.5,37.5,15.0
javale mcgee,Late (8+ yrs),50–75%,15,0.21132098017234485,7,147.0,0.053,,,241.0,12.75,,3.25,27.0,32.5,7.0
jawun evans,Early (1–3 yrs),Bottom 25%,2,0.1,2,59.5,0.091,8.0,7.75,185.2,11.34,3.26,3.21,27.5,33.5,1.0
jaxson hayes,Mid (4–7 yrs),Bottom 25%,6,0.110453710739615,0,,0.05,9.25,10.5,218.6,11.74,3.23,3.37,27.0,34.5,5.0
jaylen brown,Late (8+ yrs),Top 25%,9,0.2983310445753223,7,110.14285714285714,0.0505,8.75,9.0,222.8,,,,,,
jaylen nowell,Mid (4–7 yrs),Top 25%,6,0.38296545748158656,4,207.5,0.061,8.25,8.5,202.4,10.76,3.13,3.23,32.0,38.5,2.0
jaylen wells,Early (1–3 yrs),25–50%,1,0.13164556962025317,0,,,8.25,9.25,206.2,11.28,3.03,3.08,27.5,36.0,
jaylin williams,Early (1–3 yrs),Bottom 25%,3,0.10130369755055894,0,,0.08,8.5,10.5,236.6,11.64,3.1,3.5,24.5,30.0,
jaylon tyson,Early (1–3 yrs),Bottom 25%,1,0.07659574468085106,0,,,8.25,9.5,218.2,11.13,3.06,3.12,29.5,36.5,
jeff ayres,Mid (4–7 yrs),Bottom 25%,5,0.07155656611176353,0,,0.055,,,239.6,11.98,,3.14,31.0,35.0,15.0
jeff green,Late (8+ yrs),25–50%,15,0.1587996780760849,5,41.8,0.037,,,228.0,12.0,,3.34,33.5,38.0,17.0
jeff teague,Late (8+ yrs),25–50%,12,0.17518917291275374,4,159.5,0.045,,,175.2,11.05,,3.18,30.5,36.5,13.0
jeff withey,Mid (4–7 yrs),Bottom 25%,5,0.08366865851652869,3,167.33333333333334,0.0865,9.0,9.75,221.8,,,,,,
jeremiah robinson earl,Mid (4–7 yrs),Bottom 25%,4,0.12025356979675916,1,28.0,0.089,9.0,9.75,242.4,11.64,3.15,3.29,27.0,32.0,
jeremy lamb,Late (8+ yrs),25–50%,10,0.170515718202149,6,99.83333333333333,0.045,8.75,9.25,179.2,10.98,,3.25,31.5,38.0,5.0
jeremy sochan,Early (1–3 yrs),50–75%,3,0.18809881309881313,2,16.5,,,,,,,,,,
jeremy tyler,Early (1–3 yrs),Bottom 25%,3,0.08403019744483159,2,45.0,0.134,9.25,9.0,262.4,11.26,,3.29,28.0,33.5,10.0
jerian grant,Mid (4–7 yrs),50–75%,5,0.22016970353812457,0,,0.056,8.25,8.5,198.0,,,,,,
jermaine taylor,Early (1–3 yrs),25–50%,2,0.16318785578747624,1,17.0,0.058,,,207.4,11.54,,3.32,34.0,37.5,16.0
jerome jordan,Early (1–3 yrs),Bottom 25%,2,0.08284632034632033,0,,0.069,9.0,10.25,244.2,,,,,,
jerome robinson,Mid (4–7 yrs),25–50%,4,0.13396358543417367,0,,0.0605,9.0,10.0,188.4,,,,,,
jerryd bayless,Late (8+ yrs),Top 25%,10,0.5200042167039488,6,82.33333333333333,0.047,,,204.0,11.26,,3.07,31.0,38.0,10.0
jett howard,Early (1–3 yrs),Bottom 25%,2,0.08194444444444444,0,,,,,,,,,,,
jevon carter,Mid (4–7 yrs),Bottom 25%,7,0.08813246991407911,0,,0.0415,9.25,8.5,196.2,11.04,3.05,3.18,29.0,36.5,14.0
jimmy butler,Late (8+ yrs),Top 25%,14,0.2939313965260962,10,87.4,0.054,9.0,9.0,222.2,11.12,,3.15,32.0,39.0,14.0
jj redick,Late (8+ yrs),50–75%,12,0.21727491316899727,7,146.14285714285714,0.07,,,190.0,10.94,,3.29,27.5,33.0,6.0
joakim noah,Late (8+ yrs),50–75%,11,0.20404131754707588,8,90.25,0.048,,,223.0,11.79,,3.47,32.5,37.5,12.0
jodie meeks,Late (8+ yrs),Top 25%,10,0.4405605400605401,3,136.0,0.08,,,211.4,10.96,,3.1,28.5,37.0,14.0
joe alexander,Early (1–3 yrs),Bottom 25%,1,0.0625,1,238.0,0.058,,,220.0,11.33,,2.99,32.5,38.5,24.0
joe johnson,Late (8+ yrs),Top 25%,10,0.3844965523430436,6,119.33333333333333,0.067,,,226.0,12.05,,3.4,32.5,36.5,12.0
joe wieskamp,Early (1–3 yrs),Bottom 25%,2,0.0917624521072797,0,,0.041,8.5,9.25,204.8,10.7,3.18,3.04,30.0,42.0,
joey dorsey,Early (1–3 yrs),Bottom 25%,3,0.07040781934614089,2,7.0,0.09,,,265.0,11.84,,3.2,27.5,33.0,19.0
joey graham,Early (1–3 yrs),Bottom 25%,2,0.1,2,83.5,,,,216.6,10.62,,3.05,30.0,36.0,26.0
john collins,Late (8+ yrs),Top 25%,8,0.306165529560016,0,,0.054,9.0,10.0,225.2,11.66,3.27,3.27,33.0,37.5,15.0
john henson,Late (8+ yrs),25–50%,8,0.15645312578602966,6,256.0,0.086,9.25,10.0,216.0,,,,25.5,30.0,5.0
john jenkins,Mid (4–7 yrs),50–75%,6,0.21631882329556748,4,69.75,0.071,9.0,9.0,212.0,11.36,,3.37,30.5,36.5,10.0
john salmons,Mid (4–7 yrs),25–50%,6,0.13710699875962895,1,29.0,,,,207.0,11.35,,3.25,30.5,34.5,12.0
john wall,Late (8+ yrs),Top 25%,11,0.3495716176848227,0,,0.056,8.25,9.5,195.6,10.84,,3.14,30.0,39.0,
johnny davis,Early (1–3 yrs),Bottom 25%,3,0.11257703081232491,0,,0.067,8.5,10.25,196.4,,,,,,
johnny furphy,Early (1–3 yrs),Bottom 25%,1,0.042,0,,,8.0,9.5,188.8,11.15,3.17,3.2,25.5,32.0,
jon leuer,Late (8+ yrs),25–50%,8,0.17526378332707232,5,100.6,0.054,8.75,9.75,223.2,10.82,,3.36,29.5,36.5,14.0
jonathan kuminga,Mid (4–7 yrs),50–75%,4,0.20592945483704456,1,420.0,,,,,,,,,,
jonathan mogbo,Early (1–3 yrs),Bottom 25%,1,0.09841269841269841,0,,,8.75,8.75,217.2,11.14,3.07,3.02,31.5,37.5,
jonny flynn,Early (1–3 yrs),25–50%,3,0.14061302681992335,2,31.0,0.063,,,195.6,10.86,,3.23,33.0,40.0,10.0
jordan bell,Mid (4–7 yrs),25–50%,5,0.13124853208070886,2,12.0,0.054,9.25,9.5,223.6,10.63,2.83,3.21,31.5,38.0,16.0
jordan crawford,Mid (4–7 yrs),Top 25%,6,0.47864682442990186,2,9.0,0.049,8.0,9.0,198.4,11.03,,3.37,31.5,34.5,7.0
jordan farmar,Mid (4–7 yrs),Top 25%,7,0.6609663288413705,2,950.0,0.044,,,171.0,11.07,,3.17,33.5,42.0,11.0
jordan hamilton,Mid (4–7 yrs),Top 25%,5,0.32802364302364306,2,4.5,0.098,9.0,9.25,228.4,11.47,,3.3,25.0,32.0,7.0
jordan hawkins,Early (1–3 yrs),25–50%,2,0.15463752665245203,0,,,8.25,8.75,186.0,,,,,,
jordan hill,Late (8+ yrs),25–50%,8,0.15215144604091038,2,185.0,0.06,,,232.4,12.23,,3.3,31.0,35.0,11.0
jordan mickey,Early (1–3 yrs),Bottom 25%,3,0.10505434782608696,3,40.666666666666664,0.072,8.75,9.5,238.0,11.72,3.13,3.28,33.0,37.5,9.0
jordan miller,Early (1–3 yrs),25–50%,2,0.1554054054054054,0,,,8.5,9.25,191.6,11.43,3.21,3.17,32.0,36.5,
jordan nwora,Mid (4–7 yrs),25–50%,4,0.1480893300248139,2,94.0,0.1168,8.5,9.25,223.0,11.29,2.66,3.43,29.0,35.0,
jordan poole,Mid (4–7 yrs),50–75%,6,0.2344048557180023,1,713.0,0.075,8.25,8.5,190.8,10.59,3.14,3.27,28.0,35.5,
jordan walsh,Early (1–3 yrs),Bottom 25%,2,0.10982905982905983,0,,,8.75,8.5,204.0,10.83,,3.3,33.0,36.0,
jordan williams,Early (1–3 yrs),Bottom 25%,1,0.10697674418604651,0,,0.121,9.25,10.0,247.2,12.74,,3.45,25.0,30.5,10.0
josh childress,Mid (4–7 yrs),Bottom 25%,4,0.06232882041705571,1,39.0,0.093,,,196.0,11.95,,3.38,29.0,36.0,11.0
josh christopher,Early (1–3 yrs),Bottom 25%,3,0.11341296653796655,0,,0.058,8.75,8.5,214.8,11.32,3.3,3.14,29.5,37.5,
josh green,Mid (4–7 yrs),Bottom 25%,5,0.10853166058253623,0,,0.068,8.0,8.75,214.0,10.64,2.28,3.12,30.5,39.5,
josh hart,Late (8+ yrs),25–50%,8,0.1613112607208338,4,102.5,0.058,8.5,9.5,209.2,11.15,3.02,3.18,27.5,35.5,9.0
josh howard,Mid (4–7 yrs),Top 25%,4,0.4102350750025169,3,18.666666666666668,0.06,,,202.0,10.89,,3.09,33.0,36.5,4.0
josh mcroberts,Late (8+ yrs),Bottom 25%,9,0.11279841221222549,5,144.2,0.137,,,240.0,11.7,,3.47,27.5,31.5,12.0
josh okogie,Mid (4–7 yrs),Bottom 25%,7,0.10642096451058636,1,75.0,0.052,9.0,9.75,210.8,11.08,3.03,3.04,33.0,42.0,12.0
josh selby,Early (1–3 yrs),25–50%,2,0.14107142857142857,1,11.0,0.079,8.5,9.0,194.6,11.13,,3.2,29.5,42.0,5.0
josh smith,Late (8+ yrs),50–75%,8,0.20350417041193303,1,30.0,0.067,,,221.0,11.43,,3.24,32.5,39.5,12.0
joshua primo,Early (1–3 yrs),Top 25%,3,0.7886666666666667,1,11.0,0.063,9.0,10.0,189.0,10.97,3.36,3.22,30.5,37.5,
jt thor,Mid (4–7 yrs),Bottom 25%,4,0.08661804379195684,1,18.0,0.061,9.25,9.5,203.0,12.19,3.08,3.06,31.5,35.0,
julian phillips,Early (1–3 yrs),Bottom 25%,2,0.05661392405063291,0,,,8.5,9.0,196.6,11.09,,3.32,36.0,43.0,
julian strawther,Early (1–3 yrs),Bottom 25%,2,0.11423076923076923,0,,,8.25,8.25,208.8,10.94,3.46,3.31,27.5,34.5,
julian wright,Early (1–3 yrs),Bottom 25%,2,0.06255656108597285,0,,0.061,,,211.0,11.48,,3.36,28.5,33.5,2.0
justin anderson,Mid (4–7 yrs),25–50%,6,0.1806664673046252,4,20.25,0.05,8.5,9.5,230.6,11.13,2.88,3.22,38.0,43.0,12.0
justin hamilton,Early (1–3 yrs),50–75%,3,0.21652693089430894,0,,0.08,,,217.0,11.18,,3.18,30.0,37.5,17.0
justin harper,Early (1–3 yrs),Top 25%,2,0.7166666666666667,0,,0.04,9.0,9.25,228.0,11.92,,3.3,28.5,33.0,19.0
justin jackson,Mid (4–7 yrs),Bottom 25%,7,0.11756126084770586,0,,0.089,9.0,9.5,229.4,,,,,,
justin patton,Mid (4–7 yrs),Top 25%,4,0.8355128205128205,1,40.0,0.078,8.75,9.75,229.0,11.8,3.31,3.46,26.0,30.5,
justise winslow,Late (8+ yrs),Top 25%,8,0.32940821978759355,5,33.6,0.053,8.5,9.25,221.8,,,,,,
kai jones,Early (1–3 yrs),Bottom 25%,3,0.08217736369910283,2,203.5,0.047,9.0,9.5,221.4,,,,,,
kareem rush,Early (1–3 yrs),50–75%,1,0.18571428571428572,0,,,,,199.0,11.86,,3.22,26.0,30.0,15.0
kawhi leonard,Late (8+ yrs),Top 25%,13,0.4617229733890207,10,101.2,0.054,9.75,11.25,227.4,11.45,,3.15,25.5,32.0,3.0
keegan murray,Early (1–3 yrs),25–50%,3,0.17102016404647982,0,,,,,,,,,,,
keita bates diop,Mid (4–7 yrs),Bottom 25%,6,0.11870970261830559,4,11.5,0.0535,9.0,8.5,223.8,11.2,3.28,3.17,30.5,35.0,11.0
keith benson,Early (1–3 yrs),Bottom 25%,1,0.0,0,,0.061,9.5,11.0,217.0,11.88,,3.35,31.5,36.0,12.0
keith bogans,Mid (4–7 yrs),50–75%,5,0.2678889658414203,1,278.0,0.08,,,213.0,11.43,,3.25,29.5,35.0,10.0
keldon johnson,Mid (4–7 yrs),Top 25%,6,0.28152427945266817,3,125.66666666666667,0.056,8.0,9.25,216.4,,,,,,
kelel ware,Early (1–3 yrs),25–50%,1,0.1453125,0,,,9.5,10.25,230.0,10.97,2.91,3.29,32.5,36.0,
kelly olynyk,Late (8+ yrs),25–50%,12,0.15649882073424948,3,129.66666666666666,0.0665,8.5,10.0,234.0,11.42,2.99,3.59,24.5,29.5,5.0
kelly oubre,Late (8+ yrs),50–75%,10,0.221679677564117,5,105.6,0.057,9.0,8.75,202.8,11.09,3.12,3.32,34.5,37.0,7.0
kemba walker,Late (8+ yrs),Top 25%,12,0.33969591906122737,5,12.6,0.059,8.0,9.0,184.0,10.87,,3.16,32.0,39.5,7.0
kendall brown,Early (1–3 yrs),25–50%,2,0.17166666666666666,0,,0.049,9.0,9.0,201.2,11.57,3.05,3.29,31.5,41.0,
kendall marshall,Mid (4–7 yrs),Bottom 25%,4,0.12099537037037036,0,,0.078,8.5,9.0,198.4,12.03,,3.23,31.0,37.0,
kennedy chandler,Early (1–3 yrs),Bottom 25%,1,0.061111111111111116,0,,0.044,8.5,9.5,172.2,10.73,2.89,,31.0,41.5,
kenneth faried,Late (8+ yrs),50–75%,8,0.189267428109412,4,260.25,0.063,8.5,10.25,224.6,11.35,,3.26,30.5,35.0,16.0
kentavious caldwell pope,Late (8+ yrs),25–50%,12,0.1466730211393604,6,222.0,0.0645,8.5,9.0,203.6,10.6,3.2,3.12,29.0,34.5,7.0
kenyon martin,Mid (4–7 yrs),50–75%,6,0.19987723603025329,5,53.4,0.059,8.5,8.75,213.2,11.93,2.58,3.16,31.5,38.5,
keon johnson,Mid (4–7 yrs),Top 25%,4,0.421567952446117,3,134.0,0.044,8.5,9.0,184.8,11.45,3.2,3.0,41.5,48.0,
kessler edwards,Mid (4–7 yrs),Bottom 25%,4,0.08429398148148148,1,17.0,0.043,8.5,8.25,203.0,11.3,3.38,3.25,28.0,37.0,
kevin durant,Late (8+ yrs),Top 25%,15,0.4712637448703982,9,87.55555555555556,0.066,,,215.0,12.33,,3.45,26.0,33.5,
kevin huerter,Mid (4–7 yrs),25–50%,7,0.16981252647945194,4,97.0,0.086,8.25,8.5,194.0,10.89,2.97,3.09,31.0,38.0,9.0
kevin knox,Mid (4–7 yrs),25–50%,7,0.14829327661585728,0,,0.0495,8.75,9.25,212.6,,,,,,
kevin love,Late (8+ yrs),Top 25%,16,0.3538325552655209,12,105.66666666666667,0.129,,,255.0,11.17,,3.22,29.5,35.0,18.0
kevin murphy,Early (1–3 yrs),Bottom 25%,1,0.052941176470588235,0,,0.058,8.5,8.5,194.0,10.97,,3.42,31.0,36.5,11.0
kevin porter,Mid (4–7 yrs),Top 25%,5,0.3113912611052928,3,86.33333333333333,0.051,8.75,8.75,212.6,10.82,3.03,3.14,27.0,34.0,2.0
kevon looney,Late (8+ yrs),Bottom 25%,9,0.07803298990815195,5,50.0,0.119,9.5,9.25,222.4,,,,,,
keyontae johnson,Early (1–3 yrs),25–50%,1,0.13333333333333333,0,,,9.0,9.0,238.6,,,,,,
keyonte george,Early (1–3 yrs),50–75%,2,0.2120398009950249,0,,,,,,,,,,,
khris middleton,Late (8+ yrs),Top 25%,13,0.2891194465095005,8,95.25,0.078,9.0,9.0,216.2,11.45,,3.47,28.0,31.0,4.0
khyri thomas,Early (1–3 yrs),Top 25%,3,1.2103205128205128,0,,0.064,8.75,9.25,198.8,10.96,3.18,3.18,30.0,35.0,14.0
kim english,Early (1–3 yrs),Bottom 25%,1,0.07073170731707316,1,9.0,0.043,8.5,8.75,192.0,10.59,,3.33,29.0,36.5,
kirk hinrich,Mid (4–7 yrs),Bottom 25%,7,0.11871940845883668,6,370.6666666666667,0.053,,,186.0,10.98,,3.1,29.0,33.5,10.0
kj simpson,Early (1–3 yrs),50–75%,1,0.21666666666666667,0,,,8.25,9.25,187.0,10.49,2.98,3.24,32.5,40.5,
klay thompson,Late (8+ yrs),Top 25%,12,0.28286466541395966,4,274.5,0.08,8.75,9.25,205.6,10.99,,3.24,26.5,31.5,5.0
kobe brown,Early (1–3 yrs),Bottom 25%,2,0.04647727272727273,0,,,8.75,9.75,252.2,11.39,3.23,3.33,28.5,32.0,
kobe bufkin,Early (1–3 yrs),Top 25%,2,0.4061764705882353,0,,,8.0,9.25,186.8,11.71,,3.26,29.0,36.0,
kris dunn,Late (8+ yrs),50–75%,9,0.2590401662652302,4,39.5,,,,,,,,,,
kris humphries,Late (8+ yrs),Bottom 25%,8,0.1251710746579293,4,104.25,0.067,,,238.0,11.33,,3.2,29.5,36.0,22.0
kris murray,Early (1–3 yrs),Bottom 25%,2,0.07962833099579242,0,,,8.5,9.0,212.8,11.11,,3.3,29.5,35.0,
kwame brown,Mid (4–7 yrs),50–75%,4,0.24370265151515152,1,5.0,0.089,,,243.0,11.59,,3.45,30.0,33.0,17.0
kyle filipowski,Early (1–3 yrs),25–50%,1,0.13333333333333333,0,,,8.75,9.5,229.8,11.43,2.93,3.19,27.0,32.5,
kyle kuzma,Late (8+ yrs),50–75%,8,0.251368973510819,5,52.8,0.094,8.5,9.5,222.6,10.72,2.98,3.25,27.0,34.0,12.0
kyle oquinn,Late (8+ yrs),Bottom 25%,8,0.08997232520855321,5,230.4,0.08,9.5,10.0,240.8,11.65,,3.53,31.5,31.5,
kyle singler,Mid (4–7 yrs),Bottom 25%,6,0.0992039295392954,2,50.0,0.1,8.25,8.75,228.0,11.22,,3.21,23.0,30.0,10.0
kyrie irving,Late (8+ yrs),Top 25%,14,0.5005796921028393,12,67.83333333333333,0.102,8.25,9.25,191.0,,,,,,
kyshawn george,Early (1–3 yrs),25–50%,1,0.12794117647058822,0,,,9.0,10.25,208.8,11.9,2.91,3.32,27.0,32.0,
kz okpala,Mid (4–7 yrs),25–50%,4,0.14022522522522524,3,97.0,0.046,9.25,9.25,209.6,10.88,3.13,3.38,30.5,37.0,9.0
lamarcus aldridge,Late (8+ yrs),Top 25%,13,0.31145381018381924,10,97.4,0.087,,,234.0,12.02,,3.43,26.5,34.0,8.0
lance stephenson,Late (8+ yrs),25–50%,10,0.16386068524602626,3,991.6666666666666,0.093,9.0,10.25,227.0,11.39,,3.38,27.0,33.0,10.0
landry shamet,Mid (4–7 yrs),25–50%,7,0.1498940384405417,4,68.0,0.0485,8.0,9.0,188.6,11.26,3.21,3.11,31.0,39.5,8.0
larry nance,Late (8+ yrs),25–50%,10,0.16225867051286463,9,115.77777777777777,0.064,9.0,9.75,226.6,10.93,3.01,3.25,29.0,37.5,10.0
larry sanders,Mid (4–7 yrs),25–50%,6,0.1740130973295905,0,,0.046,9.75,11.0,222.4,12.49,,3.27,25.5,28.0,7.0
lazar hayward,Early (1–3 yrs),50–75%,3,0.2564407814407814,2,21.0,0.075,9.25,9.5,225.8,10.87,,3.31,31.0,36.0,15.0
lebron james,Late (8+ yrs),Top 25%,16,0.4044089452412967,11,127.72727272727273,0.067,,,245.0,,,,,,
leonard miller,Early (1–3 yrs),Bottom 25%,2,0.1076923076923077,0,,,9.5,10.5,212.8,11.0,,3.33,32.0,37.5,
luc mbah a moute,Late (8+ yrs),50–75%,11,0.24763437781406783,0,,0.07,,,221.0,11.71,,3.17,32.0,38.5,11.0
luka samanic,Mid (4–7 yrs),Top 25%,4,0.8471056075707238,0,,0.056,8.5,9.0,227.2,11.01,3.03,3.27,27.0,38.0,7.0
luke babbitt,Late (8+ yrs),Bottom 25%,8,0.1093550412157542,3,42.333333333333336,0.056,8.5,10.0,217.8,10.98,,3.4,29.5,37.5,15.0
luke kennard,Late (8+ yrs),50–75%,8,0.21258888333244033,5,200.4,0.066,8.0,8.75,196.2,,,,,,
luke ridnour,Mid (4–7 yrs),25–50%,6,0.13810763945270488,2,1112.0,0.053,,,167.0,11.0,,3.28,26.0,32.5,
luke walton,Mid (4–7 yrs),Bottom 25%,4,0.06056002554278417,2,76.0,0.093,,,235.0,,,,28.0,,12.0
luol deng,Late (8+ yrs),Top 25%,10,0.4040027499783597,5,162.8,0.067,,,220.0,11.46,,3.34,27.5,31.5,5.0
luther head,Early (1–3 yrs),25–50%,2,0.15862884160756502,1,18.0,,,,178.8,11.12,,3.21,31.5,38.5,14.0
malachi richardson,Early (1–3 yrs),Bottom 25%,3,0.11934731934731935,3,37.333333333333336,0.07,8.75,10.0,199.6,10.56,3.25,3.33,33.0,38.0,
malaki branham,Early (1–3 yrs),25–50%,3,0.12786503331184182,1,9.0,0.061,8.5,9.75,194.8,11.38,3.09,3.17,29.0,35.0,
malcolm brogdon,Late (8+ yrs),Top 25%,9,0.3354871891053483,7,55.714285714285715,0.054,9.0,10.25,223.0,10.77,2.64,3.31,30.5,35.5,
malcolm lee,Early (1–3 yrs),25–50%,3,0.1599780701754386,1,4.0,0.059,8.5,9.5,198.2,11.2,,3.09,30.0,35.5,17.0
malik beasley,Late (8+ yrs),50–75%,9,0.19433173167399073,2,27.0,0.069,8.5,9.0,189.8,,,,,,
malik hairston,Early (1–3 yrs),Bottom 25%,1,0.04468085106382979,1,40.0,0.069,,,204.0,11.33,,3.08,30.5,38.0,13.0
marcus haislip,Early (1–3 yrs),50–75%,1,0.25,1,5.0,,,,221.0,11.35,,3.21,33.5,36.5,8.0
marcus morris,Late (8+ yrs),50–75%,13,0.1823894054385248,6,93.33333333333333,0.08,8.25,8.5,229.6,,,3.15,29.0,33.0,11.0
marcus sasser,Early (1–3 yrs),Bottom 25%,2,0.11634544106745738,0,,,8.75,9.5,195.6,10.68,,3.43,27.0,35.0,
marcus thornton,Late (8+ yrs),50–75%,8,0.19709237452279363,0,,0.053,8.25,8.5,177.4,10.78,2.88,3.02,34.5,43.0,3.0
marcus williams,Early (1–3 yrs),Bottom 25%,1,0.06935483870967742,0,,0.124,,,215.0,11.3,,3.4,24.5,28.0,4.0
mardy collins,Early (1–3 yrs),Bottom 25%,1,0.06046511627906977,1,25.0,0.1,,,224.0,12.0,,3.27,31.5,37.5,9.0
marjon beauchamp,Early (1–3 yrs),Bottom 25%,3,0.08515262515262516,0,,0.053,9.0,9.0,196.6,,,,,,
mark williams,Early (1–3 yrs),Top 25%,3,0.40848355031341566,1,5.0,0.054,9.0,9.75,242.4,,,,,,
markelle fultz,Late (8+ yrs),Top 25%,8,0.4840126600415768,2,198.0,,,,,,,,,,
markieff morris,Late (8+ yrs),25–50%,14,0.1743755715641563,5,26.8,0.102,8.5,8.25,240.8,,,3.4,27.0,31.5,11.0
marquese chriss,Mid (4–7 yrs),Top 25%,6,0.6427990074701423,1,3.0,0.085,9.0,9.0,233.0,11.93,3.05,3.26,32.5,38.5,
marquis teague,Early (1–3 yrs),Top 25%,3,0.4481944444444445,0,,0.063,8.25,7.75,179.8,10.65,,3.19,32.5,40.5,8.0
marshon brooks,Mid (4–7 yrs),Top 25%,5,0.7053117619272555,0,,0.052,9.0,10.5,194.6,10.74,,3.09,34.0,38.5,5.0
martell webster,Mid (4–7 yrs),25–50%,6,0.14199501826660085,3,67.0,,,,229.6,11.39,,3.39,28.0,30.5,7.0
marvin williams,Late (8+ yrs),25–50%,11,0.1313652716429343,8,152.25,,,,228.2,11.11,,3.17,29.5,35.0,12.0
mason plumlee,Late (8+ yrs),Bottom 25%,12,0.11231463722537009,2,32.0,0.0615,9.75,9.5,238.2,10.89,2.76,3.29,30.5,36.0,14.0
matas buzelis,Early (1–3 yrs),Bottom 25%,1,0.1075,0,,,8.5,9.25,197.0,10.73,2.9,3.09,31.0,38.0,
matt barnes,Late (8+ yrs),25–50%,8,0.12564738509463974,1,40.0,,,,226.0,10.68,,3.28,35.5,40.5,11.0
matt bonner,Mid (4–7 yrs),Bottom 25%,6,0.08090824016691904,5,347.4,0.136,,,242.0,11.52,,3.32,27.0,32.0,20.0
maurice ager,Early (1–3 yrs),Top 25%,1,0.95,1,2.0,0.08,,,203.0,11.73,,3.22,29.5,35.0,11.0
maurice harkless,Late (8+ yrs),Bottom 25%,10,0.10605580194628987,0,,0.053,9.25,10.25,206.6,10.87,,3.25,32.5,37.0,5.0
max christie,Early (1–3 yrs),Bottom 25%,3,0.08712441544622106,0,,0.048,8.0,8.5,189.2,10.82,3.02,3.07,32.0,37.5,
maxwell lewis,Early (1–3 yrs),Bottom 25%,2,0.07762605042016806,0,,,8.75,9.5,207.2,11.4,,3.43,32.5,36.5,
melvin ely,Early (1–3 yrs),Top 25%,2,0.7883333333333333,1,17.0,,,,240.0,11.96,,3.35,26.0,29.0,7.0
melvin frazier,Early (1–3 yrs),Top 25%,3,1.2757309941520467,2,4.0,0.079,9.5,9.5,198.2,11.24,3.08,3.08,31.0,40.5,
meyers leonard,Late (8+ yrs),50–75%,10,0.24128535541823243,4,258.5,0.057,9.25,11.0,249.8,11.34,,3.41,30.0,32.5,19.0
mfiondu kabengele,Early (1–3 yrs),50–75%,3,0.24273504273504276,0,,0.051,9.25,10.75,256.2,11.21,3.3,3.25,28.0,35.5,6.0
michael beasley,Late (8+ yrs),50–75%,10,0.2597874126873544,8,201.125,0.077,,,239.0,11.06,,3.24,30.0,35.0,19.0
michael carter williams,Late (8+ yrs),Top 25%,9,0.28868602856058057,5,107.2,0.044,7.5,8.5,184.4,10.68,3.7,3.22,31.5,41.0,8.0
michael gbinije,Early (1–3 yrs),Bottom 25%,1,0.044444444444444446,1,9.0,0.054,8.0,9.0,204.6,11.0,3.19,3.12,33.5,37.5,
michael kidd gilchrist,Late (8+ yrs),Top 25%,8,0.33532165641851464,5,87.2,0.07,9.0,10.25,232.8,11.77,,3.18,32.0,35.5,6.0
michael porter,Mid (4–7 yrs),Top 25%,6,0.3839579926811844,3,210.33333333333334,0.064,8.75,9.25,211.0,,,,,,
michael redd,Early (1–3 yrs),Top 25%,3,0.42063180827886715,1,7.0,,,,214.0,12.06,,3.34,27.0,31.0,12.0
mike conley,Late (8+ yrs),Top 25%,16,0.29512264100030766,9,88.66666666666667,0.042,,,175.0,11.63,,3.09,35.5,40.5,13.0
mike dunleavy,Late (8+ yrs),25–50%,8,0.16404832679521153,4,244.75,,,,230.0,11.55,,3.3,24.5,29.0,11.0
mike muscala,Late (8+ yrs),25–50%,11,0.1297808048856416,7,128.71428571428572,0.068,8.5,9.0,230.2,11.76,2.99,3.44,28.0,33.5,5.0
mike scott,Late (8+ yrs),Bottom 25%,9,0.10345076315620136,0,,0.106,8.5,9.0,240.8,11.59,,3.44,27.0,32.5,14.0
miles bridges,Mid (4–7 yrs),50–75%,6,0.2267015947518665,1,225.0,0.059,9.0,9.75,220.4,,,,,,
miles mcbride,Mid (4–7 yrs),Bottom 25%,4,0.09504595588235294,0,,0.06,9.0,9.5,195.2,11.08,3.13,3.1,31.0,38.5,
miles plumlee,Mid (4–7 yrs),Bottom 25%,7,0.09744551577036098,4,101.25,0.114,9.25,9.0,252.4,10.64,,3.36,34.0,40.5,15.0
mo williams,Mid (4–7 yrs),50–75%,7,0.22065005207698565,0,,0.067,,,189.0,,,,,,3.0
monta ellis,Late (8+ yrs),50–75%,8,0.25484381646285686,1,31.0,,,,176.6,12.13,,3.31,26.5,31.5,
montrezl harrell,Late (8+ yrs),25–50%,8,0.1712528794958856,1,99.0,0.119,9.0,9.75,253.4,,,,,,
moritz wagner,Mid (4–7 yrs),50–75%,7,0.19308746325947762,0,,0.0675,9.0,10.75,241.4,11.48,3.07,3.18,27.0,34.0,8.0
morris almond,Early (1–3 yrs),Top 25%,1,0.875,0,,0.069,,,214.0,11.45,,3.19,31.0,35.5,13.0
moses moody,Mid (4–7 yrs),Bottom 25%,4,0.1039913914913915,1,81.0,0.068,9.0,10.0,210.6,,,,,,
mouhamed gueye,Early (1–3 yrs),Top 25%,2,0.4242424242424242,0,,,9.0,10.0,212.6,,,,,,
myles turner,Late (8+ yrs),50–75%,10,0.22252497806981908,7,80.85714285714286,0.093,9.25,9.25,238.6,,,,,,
nassir little,Mid (4–7 yrs),Bottom 25%,5,0.12038888888888888,3,86.0,0.059,8.75,10.0,224.2,12.15,3.1,3.24,31.0,38.5,5.0
nate robinson,Mid (4–7 yrs),25–50%,7,0.14957903470306158,1,5.0,0.067,,,181.0,10.75,,2.96,35.5,43.5,13.0
nate wolters,Early (1–3 yrs),Bottom 25%,3,0.09979200875752599,1,3.0,0.055,8.25,8.75,196.4,,,,,,
neemias queta,Mid (4–7 yrs),50–75%,4,0.2392684331797235,1,7.0,0.076,9.25,10.5,248.4,11.85,3.5,3.29,27.0,33.0,
nene,Late (8+ yrs),50–75%,10,0.18595077673794963,0,,,,,253.0,10.73,,3.19,30.0,34.0,16.0
nerlens noel,Late (8+ yrs),25–50%,9,0.1265656993958594,6,112.66666666666667,0.0415,9.5,10.0,206.4,,,,,,
nick collison,Late (8+ yrs),Bottom 25%,8,0.0771024996782039,3,261.0,0.17,,,255.0,11.62,,3.28,28.0,33.0,8.0
nick richards,Mid (4–7 yrs),Bottom 25%,5,0.10770646094762355,1,396.0,0.085,9.0,9.0,241.6,11.42,2.92,3.25,30.0,34.0,
nick smith,Early (1–3 yrs),25–50%,2,0.14034313725490197,0,,,,,,,,,,,
nick young,Late (8+ yrs),50–75%,10,0.2416954795462689,6,146.66666666666666,0.068,,,206.0,11.0,,3.25,39.5,40.5,6.0
nickeil alexander walker,Mid (4–7 yrs),25–50%,6,0.140127303553024,2,239.0,0.059,8.5,8.75,203.8,,,,,,
noah clowney,Early (1–3 yrs),50–75%,2,0.22499999999999998,0,,,,,,,,,,,
nolan smith,Early (1–3 yrs),Bottom 25%,2,0.07818181818181819,1,32.0,0.056,8.5,9.25,187.6,11.05,,3.17,28.5,34.0,9.0
norman powell,Late (8+ yrs),50–75%,10,0.22757579427945562,6,287.3333333333333,0.064,9.25,9.0,215.4,10.69,3.2,3.2,32.5,40.5,5.0
norris cole,Mid (4–7 yrs),25–50%,6,0.14056653463970536,0,,0.047,8.5,9.5,174.4,10.07,,3.22,29.5,38.5,11.0
ochai agbaji,Early (1–3 yrs),Bottom 25%,3,0.12358575981457337,0,,0.054,8.75,9.5,216.8,10.77,3.11,3.13,32.0,39.0,
og anunoby,Late (8+ yrs),50–75%,8,0.23147968547953127,0,,0.068,9.25,9.5,232.4,,,,,,
oj mayo,Mid (4–7 yrs),50–75%,7,0.18941018617246716,1,70.0,0.063,,,200.0,11.04,,3.14,30.5,41.0,7.0
olivier maxence prosper,Early (1–3 yrs),Bottom 25%,2,0.075,0,,,8.25,10.0,212.4,10.59,3.0,3.21,35.0,40.5,
omari spellman,Early (1–3 yrs),25–50%,2,0.14168145519077197,2,35.5,0.1375,9.0,9.0,253.8,12.28,3.35,3.38,28.5,35.5,8.0
omri casspi,Late (8+ yrs),25–50%,10,0.1285172045870797,6,357.6666666666667,0.086,,,211.2,11.15,,3.28,25.5,32.5,2.0
orlando johnson,Early (1–3 yrs),50–75%,3,0.2186305633364457,2,193.0,0.07,9.0,9.5,223.8,10.98,,3.25,32.0,39.5,13.0
oso ighodaro,Early (1–3 yrs),Bottom 25%,1,0.06885245901639345,0,,,9.0,10.0,222.0,11.25,3.12,3.09,35.0,39.5,
otto porter,Late (8+ yrs),50–75%,11,0.28059531964077417,7,267.57142857142856,0.0665,8.75,9.25,197.6,11.25,3.06,3.4,27.0,36.0,9.0
ousmane dieng,Early (1–3 yrs),Bottom 25%,3,0.11651861651861652,0,,,,,,,,,,,
paolo banchero,Early (1–3 yrs),Top 25%,3,0.37444041867954914,1,132.0,,,,,,,,,,
pascal siakam,Late (8+ yrs),50–75%,9,0.26087890711191514,3,137.0,0.052,9.25,10.0,226.6,11.25,3.09,3.41,30.5,36.5,
pat connaughton,Late (8+ yrs),Bottom 25%,10,0.09344220169283961,3,199.33333333333334,0.102,8.5,9.25,215.0,10.58,3.08,3.2,37.5,44.0,13.0
patrick baldwin,Early (1–3 yrs),Bottom 25%,3,0.11108753065459348,0,,0.089,8.75,9.5,230.8,12.25,3.3,3.45,23.5,26.5,
patrick ewing,Early (1–3 yrs),Bottom 25%,1,0.05714285714285715,0,,0.094,,,224.0,11.77,,3.43,35.0,42.0,2.0
patrick mccaw,Mid (4–7 yrs),Bottom 25%,5,0.10809859270072456,5,91.8,0.047,8.75,8.75,180.8,11.01,2.97,3.3,30.0,38.0,
patrick obryant,Early (1–3 yrs),25–50%,1,0.15454545454545454,1,2.0,0.1,,,249.0,12.68,,3.63,26.5,30.0,13.0
patrick patterson,Late (8+ yrs),Bottom 25%,11,0.10309398404563277,5,218.2,0.053,9.25,10.25,239.6,11.14,,3.25,28.5,33.5,17.0
paul george,Late (8+ yrs),Top 25%,15,0.4200136818817298,10,133.4,0.05,8.5,9.0,214.4,,,,,,4.0
paul millsap,Late (8+ yrs),50–75%,13,0.21678268047032495,8,154.75,0.097,,,258.0,11.67,,3.3,28.5,32.5,15.0
pelle larsson,Early (1–3 yrs),Bottom 25%,1,0.08363636363636363,0,,,8.75,10.25,212.4,11.15,2.91,3.06,30.5,38.0,
perry jones,Early (1–3 yrs),Bottom 25%,3,0.07232597623089983,2,9.5,0.046,9.25,9.5,233.8,11.31,,3.19,33.0,38.5,11.0
peyton watson,Early (1–3 yrs),Bottom 25%,3,0.11544863597612959,1,3.0,0.052,8.5,9.5,203.4,11.03,3.24,3.28,28.0,33.5,
pierre jackson,Early (1–3 yrs),Top 25%,1,0.43333333333333335,0,,0.045,7.5,8.25,176.0,,,,,,
pj washington,Mid (4–7 yrs),50–75%,6,0.20334073746794312,5,221.2,0.086,9.0,10.25,230.4,,,,,,
precious achiuwa,Mid (4–7 yrs),Bottom 25%,5,0.11847793020419399,1,19.0,0.067,9.0,10.0,234.0,,,,,,
primoz brezec,Early (1–3 yrs),Bottom 25%,1,0.04285714285714286,1,28.0,,,,243.0,11.53,,3.55,26.0,29.5,
quentin grimes,Mid (4–7 yrs),25–50%,4,0.15537782020340285,2,31.0,0.066,8.5,10.0,205.0,11.09,3.33,3.07,30.5,38.5,
quincy acy,Mid (4–7 yrs),Bottom 25%,7,0.10894368138223944,3,90.33333333333333,0.071,9.5,11.0,223.8,10.48,,3.28,32.0,37.0,13.0
quincy miller,Early (1–3 yrs),50–75%,3,0.18998168498168497,2,13.5,0.078,9.25,10.25,218.7,11.05,,3.48,30.5,36.0,8.0
quinndary weatherspoon,Early (1–3 yrs),25–50%,3,0.15348484848484847,0,,0.061,8.5,9.0,206.6,11.57,3.15,3.16,31.0,38.0,
rakeem christmas,Early (1–3 yrs),Top 25%,2,2.0344827586206895,2,2.5,0.096,9.25,9.0,242.6,11.6,3.3,3.47,29.0,32.0,9.0
randy foye,Late (8+ yrs),25–50%,8,0.135743018015199,3,10.333333333333334,0.1,,,212.0,10.53,,3.23,32.0,38.0,14.0
rashad vaughn,Early (1–3 yrs),Bottom 25%,3,0.07059814169570268,2,12.0,0.062,8.0,8.5,198.6,11.4,3.1,3.21,28.0,34.0,5.0
ray mccallum,Early (1–3 yrs),Bottom 25%,3,0.10902970402253043,2,6.0,0.073,8.0,8.75,191.4,10.82,3.08,3.25,30.5,40.0,5.0
rayan rupert,Early (1–3 yrs),Bottom 25%,2,0.08012820512820512,0,,,8.5,9.5,193.2,11.18,,3.43,27.5,32.5,
raymond felton,Late (8+ yrs),25–50%,10,0.1446094779266315,3,132.0,,,,199.4,10.5,,3.06,29.0,33.5,6.0
reed sheppard,Early (1–3 yrs),Bottom 25%,1,0.08461538461538462,0,,,7.75,9.0,181.6,10.96,3.03,3.08,32.5,42.0,
reggie bullock,Late (8+ yrs),25–50%,11,0.12975663926436865,8,16.75,0.0695,8.5,9.0,199.8,11.33,3.3,3.31,31.0,36.5,11.0
renaldo balkman,Early (1–3 yrs),50–75%,3,0.18296703296703298,3,22.0,0.049,,,206.0,11.58,,3.22,30.5,35.0,9.0
richard jefferson,Late (8+ yrs),Bottom 25%,9,0.10134094922452669,1,25.0,0.067,,,223.0,11.19,,3.15,33.0,38.5,14.0
richaun holmes,Late (8+ yrs),25–50%,10,0.17152559220709007,6,90.16666666666667,0.088,8.5,8.5,242.8,11.24,3.31,3.32,32.5,36.0,15.0
ricky ledo,Early (1–3 yrs),50–75%,2,0.23315508021390374,1,10.0,0.1025,8.5,9.25,197.2,10.72,3.16,3.32,27.0,33.5,4.0
rj barrett,Mid (4–7 yrs),Top 25%,6,0.294346331536341,4,265.25,,,,,,,,,,
rj hunter,Early (1–3 yrs),Top 25%,3,5.920000000000001,2,4.5,0.06,8.5,8.25,185.0,10.87,2.91,3.26,27.5,33.5,1.0
robert woodard,Early (1–3 yrs),Bottom 25%,2,0.08269230769230769,1,32.0,0.045,9.0,10.75,230.2,11.1,2.49,3.18,32.0,38.0,
rodney carney,Early (1–3 yrs),Bottom 25%,2,0.1215958605664488,0,,0.053,,,204.0,10.57,,3.06,32.0,38.5,10.0
rodney stuckey,Late (8+ yrs),50–75%,8,0.19689649229763687,6,154.83333333333334,0.061,,,207.0,11.34,,3.11,30.5,35.0,14.0
rodrigue beaubois,Mid (4–7 yrs),25–50%,4,0.1708997828691225,2,129.0,0.079,,,182.4,10.49,,3.15,29.5,39.0,3.0
romeo langford,Mid (4–7 yrs),25–50%,4,0.12614058462532302,4,73.25,,9.0,9.0,,,,,,,
rondae hollis jefferson,Mid (4–7 yrs),25–50%,6,0.16845617963514273,4,88.75,0.05,8.75,9.75,210.8,10.41,3.19,3.12,32.0,38.0,13.0
ronnie brewer,Mid (4–7 yrs),Bottom 25%,5,0.07906256047060646,1,12.0,0.05,,,223.0,11.32,,3.14,35.0,41.0,19.0
ronny turiaf,Mid (4–7 yrs),Bottom 25%,6,0.0904719556350249,3,28.666666666666668,,,,237.8,11.5,,3.23,30.5,33.0,15.0
royce white,Early (1–3 yrs),Bottom 25%,1,0.0,0,,0.106,9.5,11.5,260.6,,,,,,
rudy fernandez,Early (1–3 yrs),25–50%,3,0.17277364212848081,1,75.0,,,,172.0,10.48,,3.33,26.5,35.5,
rudy gay,Late (8+ yrs),50–75%,14,0.2558954826150729,10,81.4,0.057,,,222.0,11.03,,3.32,33.0,40.5,9.0
rudy gobert,Late (8+ yrs),25–50%,12,0.1762561974515894,10,222.1,0.044,9.75,10.0,237.6,12.85,3.19,3.57,25.0,29.0,7.0
russell westbrook,Late (8+ yrs),Top 25%,16,0.30791206964209633,4,23.0,0.048,,,192.0,10.98,,3.08,30.0,36.5,12.0
ryan dunn,Early (1–3 yrs),Bottom 25%,1,0.09324324324324325,0,,,9.0,9.75,213.6,10.99,2.88,3.12,32.0,38.5,
ryan gomes,Mid (4–7 yrs),25–50%,4,0.1375082236842105,1,8.0,,,,248.0,12.49,,3.24,26.5,30.5,9.0
ryan kelly,Mid (4–7 yrs),Bottom 25%,4,0.1188342025206432,3,24.666666666666668,0.1475,9.0,10.0,228.0,,,,,,
ryan rollins,Early (1–3 yrs),25–50%,3,0.17686202686202687,0,,0.05,8.0,8.5,179.2,11.26,3.28,3.07,30.5,36.5,
sam dekker,Mid (4–7 yrs),Bottom 25%,5,0.05434741300669601,3,6.333333333333333,0.075,8.5,9.25,218.6,10.64,2.96,3.28,25.5,34.5,5.0
sam young,Mid (4–7 yrs),Bottom 25%,4,0.08259386446886446,0,,0.049,,,222.8,11.47,,3.45,27.5,33.0,
sasha vujacic,Mid (4–7 yrs),Top 25%,5,0.3179632283547136,1,40.0,0.141,,,193.0,,,,,,
scoot henderson,Early (1–3 yrs),50–75%,2,0.20911534701857282,0,,,,,,,,,,,
scottie barnes,Mid (4–7 yrs),50–75%,4,0.2585119497619498,2,28.0,0.053,9.25,10.25,225.4,10.88,2.99,3.15,36.0,39.5,
sean may,Early (1–3 yrs),Bottom 25%,1,0.08918918918918918,1,2.0,,,,258.8,11.04,,3.29,30.0,33.0,12.0
semi ojeleye,Mid (4–7 yrs),Bottom 25%,5,0.06746661845202642,2,590.5,0.055,8.75,9.5,241.4,10.58,3.07,3.16,35.0,40.5,19.0
seth lundy,Early (1–3 yrs),25–50%,1,0.17777777777777778,0,,,8.5,9.0,214.4,11.02,,3.15,31.5,35.5,
shabazz muhammad,Mid (4–7 yrs),25–50%,5,0.16638389809569318,3,44.333333333333336,0.09,9.0,10.0,221.8,10.99,2.93,3.32,29.5,37.0,10.0
shaedon sharpe,Early (1–3 yrs),Top 25%,3,0.2925231481481481,0,,0.048,9.0,9.25,198.0,,,,,,
shai gilgeous alexander,Mid (4–7 yrs),Top 25%,7,0.4015914203935746,4,49.5,0.03,9.0,9.0,180.0,,,,,,
shane battier,Mid (4–7 yrs),Bottom 25%,5,0.0867526231956719,3,171.66666666666666,0.093,,,229.0,10.95,,3.3,29.5,33.0,12.0
shane larkin,Mid (4–7 yrs),Bottom 25%,4,0.0782829134802819,2,50.5,0.038,7.5,8.75,170.8,10.64,3.03,3.08,34.5,44.0,12.0
sharife cooper,Early (1–3 yrs),Bottom 25%,1,0.038461538461538464,0,,,,,,,,,,,
shaun livingston,Late (8+ yrs),Bottom 25%,10,0.09450505918485533,4,80.0,0.067,,,186.0,10.72,,3.23,26.5,30.0,
shawne williams,Mid (4–7 yrs),25–50%,4,0.13305183531746032,1,6.0,0.08,,,227.0,10.69,,3.3,32.0,31.0,
shelden williams,Early (1–3 yrs),Bottom 25%,3,0.07470001659559423,1,2.0,0.114,,,258.0,11.53,,3.59,29.0,33.5,25.0
shelvin mack,Late (8+ yrs),Bottom 25%,8,0.1180425481943284,0,,0.071,8.25,9.25,209.0,11.23,,3.18,32.0,39.0,17.0
sidy cissoko,Early (1–3 yrs),50–75%,2,0.19242424242424241,0,,,9.25,10.0,223.8,11.24,,3.31,30.5,35.5,
sindarius thornwell,Mid (4–7 yrs),Top 25%,4,1.0410719381930855,0,,0.078,8.75,8.75,211.6,11.48,3.03,3.36,27.0,30.5,15.0
skal labissiere,Mid (4–7 yrs),50–75%,5,0.20975757575757575,3,132.33333333333334,0.057,8.75,9.0,215.8,,,,,,
skylar mays,Mid (4–7 yrs),Top 25%,4,0.7191544201412623,0,,0.074,8.0,9.75,204.0,10.65,2.4,3.3,29.0,37.5,
smith,Late (8+ yrs),50–75%,11,0.2603207378334943,1,19.0,0.067,,,227.0,10.93,,3.21,29.0,35.5,5.0
solomon alabi,Early (1–3 yrs),Bottom 25%,2,0.10654761904761904,2,15.0,0.05,9.25,9.25,237.4,13.2,,3.68,22.5,26.0,10.0
solomon hill,Late (8+ yrs),Bottom 25%,9,0.09204656125693511,1,2.0,0.076,9.0,10.5,226.0,10.77,2.91,3.19,29.5,37.5,14.0
solomon jones,Mid (4–7 yrs),Bottom 25%,5,0.08795870795870796,2,8.5,0.074,,,224.0,11.27,,3.3,32.0,39.0,6.0
sonny weems,Early (1–3 yrs),25–50%,2,0.13231392778187176,2,174.0,0.044,,,193.0,10.58,,2.96,29.0,36.5,12.0
spencer hawes,Late (8+ yrs),25–50%,8,0.1357392007755905,4,141.0,0.13,,,244.0,11.88,,3.51,26.0,29.0,9.0
stanley johnson,Late (8+ yrs),Bottom 25%,8,0.11247274831591127,2,27.0,0.075,9.0,9.0,241.8,,,,,,
stephen curry,Late (8+ yrs),Top 25%,16,0.6154352398895416,12,85.25,0.057,,,181.0,11.07,,3.28,29.5,35.5,10.0
stephen zimmerman,Early (1–3 yrs),Bottom 25%,1,0.06315789473684211,1,1.0,0.1115,9.0,9.0,234.0,12.08,3.16,3.43,26.0,31.0,
stephon castle,Early (1–3 yrs),50–75%,1,0.18148148148148147,0,,,8.75,8.75,210.0,10.93,2.91,3.19,28.5,37.0,
steve novak,Mid (4–7 yrs),Bottom 25%,7,0.0839342403628118,4,16.5,0.081,,,216.0,11.11,,3.37,24.5,31.0,5.0
steven adams,Late (8+ yrs),25–50%,11,0.12867987191943636,7,200.14285714285714,0.0665,9.5,11.0,254.5,11.85,3.02,3.4,28.5,33.0,16.0
steven hunter,Early (1–3 yrs),Bottom 25%,1,0.11904761904761904,0,,0.053,,,224.0,11.99,,3.15,30.5,38.5,11.0
svi mykhailiuk,Mid (4–7 yrs),25–50%,7,0.1418000601162393,0,,0.114,8.0,9.25,219.6,12.4,3.25,3.53,27.0,33.0,8.0
taj gibson,Late (8+ yrs),Bottom 25%,16,0.1164734646927656,6,140.66666666666666,0.066,,,214.4,11.56,,3.41,25.5,30.0,12.0
talen horton tucker,Mid (4–7 yrs),Top 25%,6,0.28830862849118427,2,122.5,0.084,9.5,9.75,235.4,11.34,3.43,3.34,26.0,34.5,10.0
tari eason,Early (1–3 yrs),50–75%,3,0.2564651651301202,0,,0.059,9.25,11.0,217.4,,,,,,
taurean prince,Late (8+ yrs),25–50%,9,0.15841154840019941,4,201.0,0.0645,9.0,8.5,220.2,10.96,2.8,3.24,34.0,36.0,
taylor hendricks,Early (1–3 yrs),Top 25%,2,0.8745833333333333,0,,,9.25,10.25,213.6,11.27,,3.32,32.5,36.0,
terance mann,Mid (4–7 yrs),Bottom 25%,6,0.10620803540263153,1,25.0,0.04,9.5,9.25,204.6,11.51,3.14,3.3,32.5,38.5,6.0
terrance ferguson,Mid (4–7 yrs),Bottom 25%,4,0.05727259697546583,3,248.0,0.058,8.5,10.0,184.4,11.16,3.22,3.32,28.5,38.0,
terrence jones,Mid (4–7 yrs),50–75%,6,0.2795382775119617,4,12.75,0.077,9.0,10.0,252.0,11.57,,3.4,29.5,34.5,12.0
terrence ross,Late (8+ yrs),50–75%,11,0.18272393320192049,6,255.16666666666666,0.032,8.75,10.25,196.6,11.78,,3.28,31.0,37.5,2.0
terrence shannon,Early (1–3 yrs),25–50%,1,0.134375,0,,,8.75,8.5,219.4,,,,,,
terrence williams,Mid (4–7 yrs),50–75%,4,0.19353021978021978,2,116.5,0.051,,,213.2,11.15,,3.18,30.5,37.0,9.0
terry rozier,Late (8+ yrs),50–75%,9,0.22226491056482908,6,60.666666666666664,0.056,8.25,8.5,190.2,10.84,2.84,3.15,33.0,38.0,7.0
thaddeus young,Late (8+ yrs),25–50%,15,0.16629762824390096,1,5.0,0.049,,,210.0,11.06,,3.19,34.5,37.0,13.0
theo maledon,Mid (4–7 yrs),25–50%,4,0.16318884546825724,0,,0.028,8.5,10.0,187.4,,,,,,
thomas bryant,Late (8+ yrs),Top 25%,8,0.33143130906833007,4,7.0,0.094,9.5,10.25,247.8,11.42,3.12,3.37,25.5,33.0,7.0
thomas robinson,Mid (4–7 yrs),Bottom 25%,5,0.08148569192935391,1,92.0,0.05,9.75,10.5,244.2,11.96,,3.17,28.5,35.5,15.0
thon maker,Mid (4–7 yrs),25–50%,5,0.15329972735893788,0,,0.0605,8.75,9.5,216.0,11.15,3.09,3.33,32.0,36.5,
tiago splitter,Mid (4–7 yrs),50–75%,7,0.2037407418904594,7,151.71428571428572,0.053,,,233.0,11.65,,3.38,26.0,31.5,8.0
tim hardaway,Late (8+ yrs),50–75%,12,0.2092042545160567,8,225.5,0.0605,8.0,9.25,199.4,10.68,2.93,3.25,31.5,37.5,16.0
tj ford,Early (1–3 yrs),50–75%,3,0.2026663701287469,3,252.66666666666666,0.067,,,162.0,11.45,,3.2,32.5,39.5,
tj leaf,Mid (4–7 yrs),Bottom 25%,4,0.11798959011060507,2,26.5,0.068,8.5,9.5,222.2,11.55,3.27,3.27,29.0,34.5,6.0
tobias harris,Late (8+ yrs),50–75%,14,0.22360117010706354,5,96.6,0.084,8.75,9.0,222.8,10.96,,3.17,31.5,37.5,12.0
tomas satoransky,Mid (4–7 yrs),Bottom 25%,6,0.10129490274847099,1,84.0,0.052,8.5,9.5,200.6,,,,,,
toney douglas,Late (8+ yrs),25–50%,8,0.167097705878091,0,,0.052,,,183.4,10.63,,3.03,28.0,32.5,15.0
tony allen,Late (8+ yrs),25–50%,9,0.1434886107809695,4,51.25,0.067,,,214.0,10.7,,3.19,31.5,36.5,17.0
tony bradley,Mid (4–7 yrs),Top 25%,7,0.393670697118973,3,16.666666666666668,0.12,9.5,9.5,248.8,11.79,2.99,3.44,24.5,27.5,5.0
tony mitchell,Early (1–3 yrs),Top 25%,1,0.6666666666666666,0,,0.0555,9.0,10.0,236.4,11.82,3.25,3.52,33.5,38.0,13.0
tony snell,Late (8+ yrs),Bottom 25%,9,0.09092393183231345,3,330.3333333333333,0.0485,9.0,9.5,198.2,11.36,2.84,3.25,30.0,36.5,7.0
tony wroten,Mid (4–7 yrs),Top 25%,4,0.4670436507936508,2,25.5,0.052,8.0,9.0,203.2,10.75,,3.24,30.0,35.5,
trae young,Mid (4–7 yrs),Top 25%,7,0.3796654861041856,5,33.8,0.0535,8.0,9.25,177.8,,,,,,
travis diener,Early (1–3 yrs),Bottom 25%,1,0.07777777777777778,1,17.0,,,,165.2,10.85,,3.26,24.5,31.0,1.0
travis leslie,Early (1–3 yrs),25–50%,1,0.13999999999999999,0,,0.081,8.75,9.25,205.0,11.0,,3.13,33.0,40.5,10.0
tre mann,Mid (4–7 yrs),Top 25%,4,0.39992583984393226,1,91.0,0.041,8.0,9.0,177.6,,,,,,
trenton hassell,Early (1–3 yrs),Bottom 25%,1,0.08653846153846154,1,275.0,0.053,,,205.0,11.57,,3.29,35.5,37.5,12.0
trevor ariza,Late (8+ yrs),50–75%,13,0.18611915046412372,7,463.7142857142857,0.08,,,201.0,11.63,,3.29,29.5,32.0,8.0
trevor booker,Late (8+ yrs),Bottom 25%,8,0.10671431083822049,2,157.0,0.073,9.0,9.5,235.8,11.15,,3.1,31.0,36.0,22.0
trevor keels,Early (1–3 yrs),Top 25%,1,0.3333333333333333,0,,0.135,8.25,9.0,223.8,11.33,3.32,3.27,24.5,31.0,
trey burke,Late (8+ yrs),25–50%,9,0.1778035213718746,5,129.8,0.069,8.25,8.75,187.0,11.2,3.01,3.16,29.5,36.5,3.0
trey lyles,Late (8+ yrs),Bottom 25%,10,0.12120250202411739,2,71.5,0.121,9.25,10.25,241.2,,,,,,
trey murphy,Mid (4–7 yrs),50–75%,4,0.23257255019950857,1,295.0,0.081,8.5,9.0,206.0,11.65,3.32,3.14,34.0,38.0,
trey thompkins,Early (1–3 yrs),Bottom 25%,1,0.09999999999999999,0,,0.155,9.25,9.75,239.0,11.72,,3.41,27.5,30.5,15.0
tristan da silva,Early (1–3 yrs),Bottom 25%,1,0.0972972972972973,0,,,9.0,9.5,216.8,10.81,2.82,3.09,28.5,35.5,
tristan thompson,Late (8+ yrs),25–50%,13,0.12722758842568235,6,96.83333333333333,0.062,8.75,9.25,227.4,10.92,,3.26,30.0,35.0,9.0
tristan vukcevic,Early (1–3 yrs),Top 25%,2,0.5592857142857143,0,,,9.0,10.25,223.4,11.71,3.16,3.43,26.0,30.5,
tristen newton,Early (1–3 yrs),Bottom 25%,1,0.05,0,,,8.5,9.0,191.8,10.96,2.84,3.24,25.0,32.5,
troy brown,Mid (4–7 yrs),Bottom 25%,6,0.10183777209459317,2,161.0,0.0705,9.0,9.75,208.0,11.51,3.29,3.33,26.0,33.0,5.0
troy murphy,Mid (4–7 yrs),25–50%,4,0.16853948076405703,3,81.0,0.117,,,230.0,11.22,,3.43,28.5,34.5,11.0
ty jerome,Mid (4–7 yrs),Top 25%,6,0.3184192442861798,2,174.0,0.065,8.25,9.5,194.4,11.21,3.12,3.4,26.0,31.5,2.0
ty lawson,Late (8+ yrs),50–75%,8,0.185992677704772,4,205.0,0.066,,,196.6,10.98,,3.12,29.0,36.5,14.0
tyler bey,Early (1–3 yrs),Bottom 25%,1,0.05555555555555555,0,,0.05,8.5,9.0,212.8,11.35,2.75,3.17,37.0,43.5,
tyler dorsey,Early (1–3 yrs),Top 25%,3,0.41924603174603176,2,4.0,0.047,8.5,9.25,182.6,10.55,2.98,3.16,30.5,36.0,8.0
tyler hansbrough,Mid (4–7 yrs),25–50%,6,0.13379771634381307,4,96.25,0.085,,,234.2,11.12,,3.27,27.5,34.0,18.0
tyler herro,Mid (4–7 yrs),Top 25%,6,0.3240580407247074,4,163.25,0.071,8.0,8.75,192.4,,,,,,
tyler honeycutt,Early (1–3 yrs),Bottom 25%,2,0.09333333333333334,1,15.0,0.053,8.5,9.5,186.8,11.68,,3.07,30.0,37.0,
tyler kolek,Early (1–3 yrs),Bottom 25%,1,0.04878048780487805,0,,,8.25,9.5,196.6,10.97,3.08,3.27,27.0,34.0,
tyler lydon,Early (1–3 yrs),Bottom 25%,2,0.018000000000000002,1,2.0,0.136,8.75,8.75,215.0,11.68,2.81,3.46,29.5,33.5,1.0
tyler smith,Early (1–3 yrs),25–50%,1,0.12608695652173912,0,,,8.5,9.0,223.8,10.74,2.99,3.28,32.0,38.0,
tyler ulis,Early (1–3 yrs),Bottom 25%,3,0.0765104286923728,0,,0.052,7.5,7.5,149.2,10.8,2.88,3.2,32.5,38.0,
tyler zeller,Late (8+ yrs),Top 25%,8,0.2954448525529946,4,109.75,0.064,9.0,9.75,247.4,11.13,,3.4,30.0,34.0,16.0
tyreke evans,Late (8+ yrs),Top 25%,10,0.28851167653727827,6,74.66666666666667,0.071,,,220.6,11.81,,3.17,28.5,34.0,7.0
tyrell terry,Early (1–3 yrs),Top 25%,2,0.29545454545454547,1,1.0,0.076,7.5,8.25,170.0,10.78,2.59,3.28,30.0,34.0,
tyrus thomas,Mid (4–7 yrs),Top 25%,5,0.3422347300396081,2,130.0,0.056,,,217.0,11.36,,3.2,34.0,39.5,8.0
tyshawn taylor,Early (1–3 yrs),Bottom 25%,2,0.11372997711670481,2,54.5,0.042,8.75,8.75,177.0,11.48,,3.2,32.0,36.5,
tyson chandler,Late (8+ yrs),25–50%,11,0.13043352163833027,8,28.5,0.067,,,224.0,12.13,,3.36,31.0,33.5,2.0
tyty washington,Early (1–3 yrs),25–50%,3,0.13576490713587488,0,,0.12,8.5,9.25,196.4,,,,,,
tyus jones,Late (8+ yrs),Bottom 25%,10,0.10950309008154029,4,294.5,0.065,8.25,8.75,184.6,11.84,2.95,3.32,26.5,32.5,2.0
udoka azubuike,Mid (4–7 yrs),25–50%,4,0.14613153594771244,2,103.0,0.0961,9.25,10.0,259.5,11.82,3.61,3.23,37.0,41.0,
ue holiday,Late (8+ yrs),50–75%,16,0.2549576829399043,6,358.5,0.063,,,199.0,10.64,,3.21,28.5,34.0,6.0
victor oladipo,Late (8+ yrs),Top 25%,10,0.4878788787890123,8,78.875,0.0655,8.75,9.25,213.2,10.69,3.14,3.25,33.0,42.0,15.0
victor wembanyama,Early (1–3 yrs),Top 25%,2,0.41483466013472137,0,,,,,,,,,,,
wade baldwin iv,Early (1–3 yrs),Top 25%,3,0.3290494227994228,3,7.0,0.052,9.0,9.75,201.8,10.45,3.01,3.19,32.5,38.0,
walker kessler,Early (1–3 yrs),25–50%,3,0.1474220448897173,2,75.0,0.147,8.5,8.5,256.0,,,,,,
wayne ellington,Late (8+ yrs),25–50%,13,0.13506014970394792,1,34.0,0.055,,,202.4,11.14,,3.2,31.5,38.0,13.0
wendell carter,Mid (4–7 yrs),50–75%,7,0.22095924201744774,3,219.0,0.0785,8.5,9.0,251.4,,,,,,
wendell moore,Early (1–3 yrs),Bottom 25%,3,0.06431417624521073,0,,0.075,8.75,10.25,217.2,10.94,3.21,3.3,32.5,38.5,
wesley johnson,Late (8+ yrs),Bottom 25%,9,0.10000970153216696,0,,0.046,9.0,9.5,206.4,11.43,,3.14,32.0,37.0,16.0
will barton,Late (8+ yrs),25–50%,11,0.17731003206177304,8,153.5,0.041,9.0,9.5,174.4,12.5,,3.6,30.0,34.0,
willie cauley stein,Mid (4–7 yrs),Bottom 25%,7,0.12209285505632538,6,241.33333333333334,0.063,9.5,9.0,242.4,,,,,,
willie green,Mid (4–7 yrs),Bottom 25%,6,0.11123865849408625,1,275.0,0.08,,,201.0,11.86,,3.19,28.5,28.5,13.0
xavier henry,Mid (4–7 yrs),25–50%,5,0.15718765129878962,3,42.666666666666664,0.047,8.75,10.0,210.2,11.1,,3.18,28.5,36.5,8.0
xavier tillman,Mid (4–7 yrs),Bottom 25%,5,0.08912714426546885,2,135.5,0.085,10.25,11.0,266.5,11.8,3.01,3.49,26.0,32.5,
yves missi,Early (1–3 yrs),Bottom 25%,1,0.12465753424657534,0,,,9.5,10.0,229.4,11.45,3.12,3.12,31.0,38.5,
zaccharie risacher,Early (1–3 yrs),25–50%,1,0.16799999999999998,0,,,8.5,8.75,194.6,11.51,2.97,3.38,25.0,31.0,
zach collins,Mid (4–7 yrs),50–75%,7,0.21625169171753025,3,241.33333333333334,0.089,8.75,9.25,232.2,,,,,,
zach edey,Early (1–3 yrs),25–50%,1,0.13939393939393938,0,,,10.0,10.75,299.0,11.19,3.01,3.42,26.0,31.5,
zeke nnaji,Mid (4–7 yrs),Bottom 25%,5,0.089318411632808,3,80.66666666666667,0.059,9.0,10.5,246.8,10.94,2.72,3.2,33.0,38.0,
zhaire smith,Early (1–3 yrs),Top 25%,2,0.636904761904762,1,3.0,0.0605,8.75,8.25,198.6,11.02,3.15,3.05,33.0,41.5,10.0
zhou qi,Early (1–3 yrs),Top 25%,2,1.0333333333333334,0,,0.0485,9.25,9.5,218.2,11.27,2.9,3.46,31.5,32.0,
ziaire williams,Mid (4–7 yrs),25–50%,4,0.15105342195000637,2,13.0,0.044,9.0,8.75,188.4,10.69,3.04,3.12,34.0,39.5,
zion williamson,Mid (4–7 yrs),Top 25%,5,0.6847635064200921,2,107.0,,,,,,,,,,
